物件名,リンク
リヴシティ横濱七島町,/chintai/bc_100345720770/
リヴシティ横浜東ベイサイド,/chintai/bc_100345422455/
リヴシティ横浜東ベイサイド,/chintai/bc_100342823375/
リヴシティ横浜東ベイサイド,/chintai/bc_100343313667/
リヴシティ横浜東ベイサイド,/chintai/bc_100343314105/
リヴシティ横浜東ベイサイド,/chintai/bc_100343313391/
マリーナヨコハマベイサイド 203号室,/chintai/bc_100343709215/
マリーナヨコハマベイサイド 203号室,/chintai/bc_100343842510/
クレヴィスタ横浜新子安,/chintai/bc_100339853853/
京急本線 子安駅 11階建 築9年,/chintai/bc_100339856694/
京急本線 子安駅 11階建 築9年,/chintai/bc_100341720649/
クレヴィスタ横浜新子安,/chintai/bc_100341719751/
クレヴィスタ横浜新子安,/chintai/bc_100342503124/
クレヴィスタ横浜新子安,/chintai/bc_100342548057/
リヴシティ横濱七島町,/chintai/bc_100345712876/
リヴシティ横濱七島町,/chintai/bc_100345719505/
京急本線 子安駅 7階建 築7年,/chintai/bc_100345492576/
クレヴィスタ横浜新子安 202号室,/chintai/bc_100344921128/
京急本線 子安駅 7階建 築7年,/chintai/bc_100345625656/
リヴシティ横濱七島町,/chintai/bc_100345626232/
京急本線 子安駅 7階建 築7年,/chintai/bc_100345623474/
ＪＲ京浜東北線 新子安駅 4階建 築15年,/chintai/bc_100335872435/
ＪＲ京浜東北線 新子安駅 4階建 築15年,/chintai/bc_100316093085/
グリフィン横浜・ポートサイド,/chintai/bc_100345064481/
グリフィン横浜・ポートサイド,/chintai/bc_100345104867/
京急本線 神奈川駅 11階建 築25年,/chintai/bc_100345154811/
グリフィン横浜・ポートサイド,/chintai/bc_100345153232/
ＮＳＫ.２ｎｄ 203号室,/chintai/bc_100342028513/
東急東横線 反町駅 9階建 築20年,/chintai/bc_100342137982/
京急本線 子安駅 11階建 築9年,/chintai/bc_100345137398/
リヴシティ横濱七島町,/chintai/bc_100345124526/
京急本線 子安駅 7階建 築7年,/chintai/bc_100345124648/
クレヴィスタ横浜新子安,/chintai/bc_100297451495/
リヴシティ横濱七島町,/chintai/bc_100334889538/
リヴシティ横濱ヒルサイドテラス,/chintai/bc_100345355675/
京急本線 子安駅 11階建 築9年,/chintai/bc_100345078145/
京急本線 子安駅 11階建 築9年,/chintai/bc_100345364582/
ＪＲ京浜東北線 新子安駅 4階建 築17年,/chintai/bc_100342860864/
東急東横線 反町駅 7階建 築10年,/chintai/bc_100330226891/
ＣＲＥＶＩＳＴＡ横浜新子安,/chintai/bc_100340635857/
リヴシティ横濱七島町,/chintai/bc_100334790790/
クレヴィスタ横浜新子安 502号室,/chintai/bc_100342492709/
クレヴィスタ横浜新子安,/chintai/bc_100342588678/
ベルシード横濱大口通,/chintai/bc_100340567460/
メインステージ横濱ポートサイド,/chintai/bc_100283711372/
リヴシティ横濱七島町 705号室,/chintai/bc_100338779508/
リヴシティ横濱七島町,/chintai/bc_100333063880/
CREVISTA横浜新子安,/chintai/bc_100340638271/
京急本線 子安駅 11階建 築9年,/chintai/bc_100340638991/
京急本線 子安駅 7階建 築7年,/chintai/bc_100334826939/
ＣＲＥＶＩＳＴＡ横浜新子安,/chintai/bc_100345592139/
リヴシティ横濱七島町,/chintai/bc_100345609255/
リヴシティ横濱七島町 203号室,/chintai/bc_100345666082/
京急本線 神奈川駅 9階建 築9年,/chintai/bc_100324379101/
ブルーライン 三ツ沢上町駅 7階建 築2年,/chintai/bc_100345168377/
リヴシティ横濱七島町,/chintai/bc_100345686076/
ＪＲ京浜東北線 横浜駅 9階建 築9年,/chintai/bc_100345187155/
ガーラ・ステーション横浜三ツ沢,/chintai/bc_100345530517/
ガーラ・ステーション横浜三ッ沢 311号室,/chintai/bc_100345067136/
ブルーライン 三ツ沢上町駅 7階建 築2年,/chintai/bc_100345071123/
ブルーライン 三ツ沢上町駅 7階建 築2年,/chintai/bc_100345048936/
ガーラ・ステーション横浜三ツ沢,/chintai/bc_100345100123/
ガーラ・ステーション横浜三ツ沢,/chintai/bc_100345047512/
ガーラ・ステーション横浜三ツ沢,/chintai/bc_100345124280/
ガーラ・ステーション横浜三ツ沢,/chintai/bc_100345047166/
クレヴィスタ横浜新子安,/chintai/bc_100345059464/
リチェンシア横浜三ッ沢下町,/chintai/bc_100340400410/
リチェンシア横浜三ッ沢下町,/chintai/bc_100340422991/
パークヒル三ッ沢,/chintai/bc_100345354051/
パークヒル三ッ沢,/chintai/bc_100345355668/
ブルーライン 三ツ沢下町駅 5階建 築3年,/chintai/bc_100339811321/
リチェンシア横浜三ツ沢下町,/chintai/bc_100339810562/
リチェンシア横浜三ツ沢下町,/chintai/bc_100340574999/
CREVISTA横浜新子安,/chintai/bc_100340656492/
CREVISTA横浜新子安,/chintai/bc_100340636118/
京急本線 子安駅 7階建 築7年,/chintai/bc_100339816681/
リヴシティ横濱七島町,/chintai/bc_100339820383/
京急本線 子安駅 11階建 築9年,/chintai/bc_100341570048/
リヴシティ横濱七島町,/chintai/bc_100286958022/
リヴシティ横濱七島町,/chintai/bc_100344267289/
リヴシティ横濱七島町,/chintai/bc_100338519720/
アヴァンツァーレ横浜子安,/chintai/bc_100337573300/
アンプルールフェールWada,/chintai/bc_100342853895/
リヴシティ横濱ヒルサイドテラス,/chintai/bc_100344565669/
アンプルールフェールWada,/chintai/bc_100343719127/
アンプルールフェールWada,/chintai/bc_100343719318/
ＪＲ京浜東北線 新子安駅 4階建 築17年,/chintai/bc_100066020081/
ＣＲＥＶＩＳＴＡ横浜新子安,/chintai/bc_100340634552/
ＣＲＥＶＩＳＴＡ横浜新子安,/chintai/bc_100340636464/
京急本線 子安駅 11階建 築9年,/chintai/bc_100341941019/
ベルシード横濱大口通,/chintai/bc_100340495199/
ベルシード横濱大口通,/chintai/bc_100342209826/
アンプルールフェールワダ,/chintai/bc_100343933724/
クレヴィスタ横浜新子安,/chintai/bc_100341563155/
クレヴィスタ横浜新子安,/chintai/bc_100341599402/
ＣＲＥＶＩＳＴＡ横浜新子安,/chintai/bc_100344058269/
京急本線 子安駅 7階建 築7年,/chintai/bc_100342404978/
京急本線 子安駅 10階建 築17年,/chintai/bc_100343381637/
アヴァンツァーレ横浜子安,/chintai/bc_100343378337/
京急本線 子安駅 7階建 築7年,/chintai/bc_100345481355/
メインステージ横濱ポートサイド,/chintai/bc_100345258289/
メインステージ横濱ポートサイド,/chintai/bc_100345257553/
メインステージ横濱ポートサイド,/chintai/bc_100345377043/
ＪＲ京浜東北線 横浜駅 9階建 築9年,/chintai/bc_100345208974/
ブルーライン 三ツ沢上町駅 7階建 築2年,/chintai/bc_100345224070/
パークヒル三ツ沢,/chintai/bc_100345332790/
パークヒル三ツ沢,/chintai/bc_100345333038/
パークヒル三ツ沢,/chintai/bc_100345337335/
パークヒル三ツ沢,/chintai/bc_100345336067/
ブルーライン 三ツ沢下町駅 5階建 築18年,/chintai/bc_100345343272/
パークヒル三ツ沢,/chintai/bc_100345342838/
パークヒル三ツ沢,/chintai/bc_100345352835/
京急本線 子安駅 7階建 築7年,/chintai/bc_100332153771/
アンプルールフェール Wada,/chintai/bc_100343669405/
クレヴィスタ横浜新子安,/chintai/bc_100341543295/
京急本線 子安駅 7階建 築7年,/chintai/bc_100333193194/
クレヴィスタ横浜新子安,/chintai/bc_100340636757/
京急本線 子安駅 7階建 築7年,/chintai/bc_100335372206/
リヴシティ横濱七島町,/chintai/bc_100334831935/
京急本線 子安駅 7階建 築7年,/chintai/bc_100334862908/
京急本線 子安駅 7階建 築7年,/chintai/bc_100335057256/
京急本線 子安駅 7階建 築7年,/chintai/bc_100336866760/
リヴシティ横濱七島町,/chintai/bc_100334900526/
リヴシティ横濱七島町,/chintai/bc_100335055407/
アンプルールフェール Wada,/chintai/bc_100343712955/
アンプルールフェール Wada 301号室,/chintai/bc_100342891991/
クレヴィスタ横浜新子安,/chintai/bc_100339758344/
リヴシティ横濱七島町 705号室,/chintai/bc_100337207742/
リヴシティ横濱七島町,/chintai/bc_100342569490/
京急本線 子安駅 7階建 築7年,/chintai/bc_100344642691/
