物件CD,オプション
100345720770,バストイレ別、バルコニー、エアコン、ガスコンロ対応、クロゼット、フローリング、TVインターホン、浴室乾燥機、オートロック、室内洗濯置、シューズボックス、システムキッチン、角住戸、温水洗浄便座、脱衣所、エレベーター、洗面所独立、2口コンロ、駐輪場、宅配ボックス、光ファイバー、2面採光、BS・CS、敷金不要、防犯カメラ、ペット相談、分譲賃貸、保証人不要、単身者相談、二人入居相談、バイク置場、玄関ホール、2沿線利用可、CS、ネット専用回線、駅まで平坦、ネット使用料不要、保証金不要、3駅以上利用可、駅前、駅徒歩5分以内、24時間ゴミ出し可、敷地内ごみ置き場、南西向き、都市ガス、玄関収納、BS、高速ネット対応、礼金1ヶ月、IT重説 対応物件、初期費用カード決済可、通風良好
100345422455,バストイレ別、バルコニー、エアコン、ガスコンロ対応、クロゼット、フローリング、TVインターホン、浴室乾燥機、オートロック、室内洗濯置、シューズボックス、システムキッチン、温水洗浄便座、脱衣所、エレベーター、洗面所独立、洗面化粧台、駐輪場、宅配ボックス、敷金不要、防犯カメラ、ペット相談、二人入居相談、バイク置場、デザイナーズ、3駅以上利用可、24時間ゴミ出し可、敷地内ごみ置き場、都市ガス
100342823375,バストイレ別、バルコニー、エアコン、ガスコンロ対応、クロゼット、フローリング、TVインターホン、浴室乾燥機、オートロック、室内洗濯置、シューズボックス、温水洗浄便座、脱衣所、エレベーター、洗面所独立、2口コンロ、駐輪場、宅配ボックス、BS・CS、敷金不要、防犯カメラ、ペット相談、分譲賃貸、単身者相談、二人入居相談、2沿線利用可、ディンプルキー、CS、駅まで平坦、ダブルロックキー、24時間換気システム、ルームシェア相談、学生相談、ペット専用設備、学生敷金不要、2駅利用可、3駅以上利用可、3沿線以上利用可、駅徒歩10分以内、24時間ゴミ出し可、風除室、敷地内ごみ置き場、東南向き、都市ガス、南面バルコニー、BS、礼金1ヶ月、保証会社利用可、IT重説 対応物件
100343313667,バストイレ別、バルコニー、エアコン、ガスコンロ対応、クロゼット、フローリング、TVインターホン、浴室乾燥機、オートロック、室内洗濯置、シューズボックス、システムキッチン、温水洗浄便座、脱衣所、エレベーター、洗面所独立、洗面化粧台、駐輪場、宅配ボックス、光ファイバー、BS・CS、敷金不要、防犯カメラ、ペット相談、照明付、分譲賃貸、保証人不要、単身者相談、二人入居相談、バイク置場、全居室フローリング、ディンプルキー、CS、ネット専用回線、駅まで平坦、エアコン全室、ダブルロックキー、保証金不要、24時間換気システム、平坦地、3駅以上利用可、3沿線以上利用可、駅徒歩10分以内、東南向き、都市ガス、玄関収納、BS、高速ネット対応、礼金1ヶ月、IT重説 対応物件
100343314105,バストイレ別、バルコニー、エアコン、ガスコンロ対応、クロゼット、フローリング、TVインターホン、浴室乾燥機、オートロック、室内洗濯置、シューズボックス、システムキッチン、温水洗浄便座、脱衣所、エレベーター、洗面所独立、洗面化粧台、駐輪場、宅配ボックス、光ファイバー、BS・CS、敷金不要、防犯カメラ、ペット相談、照明付、分譲賃貸、保証人不要、単身者相談、二人入居相談、バイク置場、全居室フローリング、2沿線利用可、ディンプルキー、CS、ネット専用回線、駅まで平坦、エアコン全室、ダブルロックキー、保証金不要、24時間換気システム、平坦地、3駅以上利用可、3沿線以上利用可、駅徒歩10分以内、東南向き、都市ガス、玄関収納、BS、高速ネット対応、礼金1ヶ月、IT重説 対応物件、初期費用カード決済可
100343313391,バストイレ別、バルコニー、エアコン、ガスコンロ対応、クロゼット、フローリング、TVインターホン、浴室乾燥機、オートロック、室内洗濯置、シューズボックス、システムキッチン、温水洗浄便座、脱衣所、エレベーター、洗面所独立、洗面化粧台、駐輪場、宅配ボックス、光ファイバー、BS・CS、敷金不要、防犯カメラ、ペット相談、照明付、分譲賃貸、保証人不要、単身者相談、全居室フローリング、ディンプルキー、CS、駅まで平坦、エアコン全室、ダブルロックキー、保証金不要、24時間換気システム、平坦地、3駅以上利用可、3沿線以上利用可、駅徒歩10分以内、東南向き、都市ガス、玄関収納、BS、高速ネット対応、礼金1ヶ月、IT重説 対応物件、初期費用カード決済可
100343709215,バストイレ別、エアコン、フローリング、TVインターホン、浴室乾燥機、オートロック、室内洗濯置、陽当り良好、シューズボックス、システムキッチン、温水洗浄便座、エレベーター、洗面所独立、2口コンロ、閑静な住宅地、防犯カメラ、IHクッキングヒーター、照明付、オール電化、ディンプルキー、CS、眺望良好、24時間換気システム、BS
100343842510,バストイレ別、エアコン、フローリング、TVインターホン、浴室乾燥機、オートロック、室内洗濯置、陽当り良好、シューズボックス、システムキッチン、温水洗浄便座、エレベーター、洗面所独立、2口コンロ、閑静な住宅地、防犯カメラ、IHクッキングヒーター、照明付、オール電化、ディンプルキー、CS、眺望良好、24時間換気システム、BS
100339853853,バストイレ別、バルコニー、エアコン、ガスコンロ対応、クロゼット、フローリング、TVインターホン、浴室乾燥機、オートロック、室内洗濯置、シューズボックス、システムキッチン、南向き、温水洗浄便座、エレベーター、洗面所独立、洗面化粧台、2口コンロ、駐輪場、宅配ボックス、光ファイバー、外壁タイル張り、敷金不要、防犯カメラ、ペット相談、分譲賃貸、グリル付、保証人不要、ディンプルキー、CS、ダブルロックキー、24時間換気システム、平坦地、人感照明センサー、3駅以上利用可、駅徒歩5分以内、駅徒歩10分以内、24時間ゴミ出し可、敷地内ごみ置き場、都市ガス、BS、保証会社利用可、IT重説 対応物件、初期費用カード決済可、通風良好
100339856694,バストイレ別、バルコニー、エアコン、ガスコンロ対応、クロゼット、フローリング、TVインターホン、浴室乾燥機、オートロック、室内洗濯置、シューズボックス、システムキッチン、南向き、温水洗浄便座、エレベーター、洗面所独立、洗面化粧台、2口コンロ、駐輪場、宅配ボックス、光ファイバー、外壁タイル張り、敷金不要、防犯カメラ、ペット相談、分譲賃貸、グリル付、保証人不要、ディンプルキー、CS、ダブルロックキー、24時間換気システム、平坦地、人感照明センサー、3駅以上利用可、駅徒歩5分以内、駅徒歩10分以内、24時間ゴミ出し可、敷地内ごみ置き場、都市ガス、BS、保証会社利用可、IT重説 対応物件、初期費用カード決済可、通風良好
100341720649,バストイレ別、バルコニー、エアコン、ガスコンロ対応、クロゼット、フローリング、TVインターホン、浴室乾燥機、オートロック、室内洗濯置、シューズボックス、システムキッチン、南向き、温水洗浄便座、エレベーター、洗面所独立、洗面化粧台、2口コンロ、駐輪場、宅配ボックス、光ファイバー、外壁タイル張り、礼金不要、敷金不要、防犯カメラ、分譲賃貸、グリル付、保証人不要、ディンプルキー、CS、ダブルロックキー、24時間換気システム、平坦地、人感照明センサー、3駅以上利用可、駅徒歩5分以内、駅徒歩10分以内、24時間ゴミ出し可、敷地内ごみ置き場、都市ガス、BS、敷金・礼金不要、IT重説 対応物件、初期費用カード決済可、通風良好
100341719751,バストイレ別、バルコニー、エアコン、ガスコンロ対応、クロゼット、フローリング、TVインターホン、浴室乾燥機、オートロック、室内洗濯置、シューズボックス、システムキッチン、南向き、温水洗浄便座、エレベーター、洗面所独立、洗面化粧台、2口コンロ、駐輪場、宅配ボックス、光ファイバー、外壁タイル張り、礼金不要、敷金不要、防犯カメラ、分譲賃貸、グリル付、保証人不要、ディンプルキー、CS、ダブルロックキー、24時間換気システム、平坦地、人感照明センサー、3駅以上利用可、駅徒歩5分以内、駅徒歩10分以内、24時間ゴミ出し可、敷地内ごみ置き場、都市ガス、BS、敷金・礼金不要、IT重説 対応物件、初期費用カード決済可、通風良好
100342503124,バストイレ別、バルコニー、エアコン、ガスコンロ対応、フローリング、TVインターホン、浴室乾燥機、オートロック、室内洗濯置、陽当り良好、シューズボックス、温水洗浄便座、エレベーター、洗面所独立、2口コンロ、駐輪場、宅配ボックス、外壁タイル張り、閑静な住宅地、眺望良好、24時間換気システム、都市ガス
100342548057,バストイレ別、バルコニー、エアコン、ガスコンロ対応、フローリング、TVインターホン、浴室乾燥機、オートロック、室内洗濯置、陽当り良好、シューズボックス、温水洗浄便座、エレベーター、洗面所独立、2口コンロ、駐輪場、宅配ボックス、外壁タイル張り、閑静な住宅地、眺望良好、24時間換気システム、都市ガス
100345712876,バストイレ別、バルコニー、エアコン、ガスコンロ対応、クロゼット、フローリング、TVインターホン、浴室乾燥機、オートロック、室内洗濯置、シューズボックス、システムキッチン、角住戸、温水洗浄便座、エレベーター、洗面所独立、駐輪場、宅配ボックス、2面採光、BS・CS、敷金不要、防犯カメラ、ペット相談、照明付、分譲賃貸、保証人不要、二人入居相談、バイク置場、2沿線利用可、ネット使用料不要、保証金不要、24時間換気システム、3駅以上利用可、駅徒歩5分以内、駅徒歩10分以内、24時間ゴミ出し可、敷地内ごみ置き場、南西向き、都市ガス、礼金1ヶ月、初期費用カード決済可
100345719505,バストイレ別、バルコニー、エアコン、ガスコンロ対応、クロゼット、フローリング、TVインターホン、浴室乾燥機、オートロック、室内洗濯置、シューズボックス、システムキッチン、角住戸、温水洗浄便座、脱衣所、エレベーター、洗面所独立、2口コンロ、駐輪場、宅配ボックス、光ファイバー、2面採光、BS・CS、敷金不要、防犯カメラ、ペット相談、分譲賃貸、保証人不要、単身者相談、二人入居相談、バイク置場、玄関ホール、2沿線利用可、CS、ネット専用回線、駅まで平坦、ネット使用料不要、保証金不要、3駅以上利用可、駅前、駅徒歩5分以内、24時間ゴミ出し可、敷地内ごみ置き場、南西向き、都市ガス、玄関収納、BS、高速ネット対応、礼金1ヶ月、IT重説 対応物件、初期費用カード決済可、通風良好
100345492576,バストイレ別、バルコニー、エアコン、ガスコンロ対応、クロゼット、フローリング、シャワー付洗面台、TVインターホン、浴室乾燥機、オートロック、室内洗濯置、陽当り良好、シューズボックス、システムキッチン、角住戸、温水洗浄便座、エレベーター、洗面所独立、洗面化粧台、2口コンロ、駐輪場、宅配ボックス、光ファイバー、外壁タイル張り、敷金不要、防犯カメラ、ペット相談、分譲賃貸、保証人不要、バイク置場、CS、ネット使用料不要、平坦地、3駅以上利用可、駅徒歩5分以内、駅徒歩10分以内、敷地内ごみ置き場、南西向き、都市ガス、BS、IT重説 対応物件、初期費用カード決済可、通風良好
100344921128,バストイレ別、バルコニー、エアコン、ガスコンロ対応、クロゼット、フローリング、シャワー付洗面台、TVインターホン、浴室乾燥機、オートロック、室内洗濯置、シューズボックス、システムキッチン、南向き、温水洗浄便座、脱衣所、エレベーター、洗面所独立、2口コンロ、駐輪場、宅配ボックス、CATV、外壁タイル張り、即入居可、礼金不要、BS・CS、敷金不要、防犯カメラ、独立型キッチン、照明付、分譲賃貸、保証人不要、単身者相談、CATVインターネット、24時間緊急通報システム、玄関ホール、2沿線利用可、駅まで平坦、複層ガラス、ルームシェア相談、3駅以上利用可、駅徒歩5分以内、上階無し、都市ガス、南面バルコニー、BS、高速ネット対応、敷金・礼金不要
100345625656,バストイレ別、バルコニー、エアコン、ガスコンロ対応、クロゼット、フローリング、TVインターホン、浴室乾燥機、オートロック、室内洗濯置、シューズボックス、システムキッチン、温水洗浄便座、エレベーター、洗面所独立、2口コンロ、宅配ボックス、防犯カメラ、ペット相談、分譲賃貸、保証人不要、2沿線利用可、CS、ネット使用料不要、24時間換気システム、2駅利用可、3駅以上利用可、3沿線以上利用可、駅徒歩5分以内、駅徒歩10分以内、南西向き、都市ガス、BS、初期費用カード決済可
100345626232,バストイレ別、バルコニー、エアコン、ガスコンロ対応、クロゼット、フローリング、TVインターホン、浴室乾燥機、オートロック、室内洗濯置、シューズボックス、システムキッチン、温水洗浄便座、エレベーター、洗面所独立、2口コンロ、宅配ボックス、防犯カメラ、ペット相談、分譲賃貸、保証人不要、2沿線利用可、CS、ネット使用料不要、24時間換気システム、2駅利用可、3駅以上利用可、3沿線以上利用可、駅徒歩5分以内、駅徒歩10分以内、南西向き、都市ガス、BS、初期費用カード決済可
100345623474,バストイレ別、バルコニー、エアコン、ガスコンロ対応、クロゼット、フローリング、TVインターホン、浴室乾燥機、オートロック、室内洗濯置、シューズボックス、システムキッチン、温水洗浄便座、エレベーター、洗面所独立、2口コンロ、宅配ボックス、防犯カメラ、ペット相談、分譲賃貸、保証人不要、2沿線利用可、CS、ネット使用料不要、24時間換気システム、2駅利用可、3駅以上利用可、3沿線以上利用可、駅徒歩5分以内、駅徒歩10分以内、南西向き、都市ガス、BS、初期費用カード決済可
100335872435,バストイレ別、バルコニー、エアコン、クロゼット、フローリング、TVインターホン、浴室乾燥機、オートロック、室内洗濯置、シューズボックス、システムキッチン、角住戸、温水洗浄便座、脱衣所、洗面所独立、洗面化粧台、2口コンロ、駐輪場、CATV、即入居可、対面式キッチン、IHクッキングヒーター、保証人不要、2沿線利用可、メゾネット、ネット専用回線、食器洗乾燥機、2駅利用可、3駅以上利用可、3沿線以上利用可、駅徒歩10分以内、都市ガス、初期費用カード決済可、通風良好
100316093085,バストイレ別、エアコン、クロゼット、フローリング、浴室乾燥機、オートロック、室内洗濯置、陽当り良好、シューズボックス、システムキッチン、角住戸、洗面所独立、洗面化粧台、2口コンロ、駐輪場、CATV、光ファイバー、即入居可、閑静な住宅地、照明付、全居室フローリング、デザイナーズ、駅まで平坦、事務所相談、外壁コンクリート、内装コンクリート、3駅以上利用可、3沿線以上利用可、駅徒歩10分以内、天井高2.5m以上、都市ガス、ダウンライト、通風良好
100345064481,バストイレ別、バルコニー、エアコン、ガスコンロ対応、クロゼット、フローリング、TVインターホン、浴室乾燥機、オートロック、室内洗濯置、シューズボックス、角住戸、温水洗浄便座、エレベーター、洗面所独立、外壁タイル張り、閑静な住宅地、BS・CS、敷金不要、防犯カメラ、出窓、分譲賃貸、CS、保証金不要、都市ガス、BS、礼金1ヶ月、初期費用カード決済可
100345104867,バストイレ別、バルコニー、エアコン、ガスコンロ対応、クロゼット、フローリング、TVインターホン、浴室乾燥機、オートロック、室内洗濯置、シューズボックス、角住戸、温水洗浄便座、エレベーター、洗面所独立、外壁タイル張り、閑静な住宅地、BS・CS、敷金不要、防犯カメラ、出窓、分譲賃貸、CS、保証金不要、都市ガス、BS、礼金1ヶ月、初期費用カード決済可
100345154811,バストイレ別、バルコニー、エアコン、ガスコンロ対応、クロゼット、フローリング、浴室乾燥機、オートロック、室内洗濯置、シューズボックス、角住戸、温水洗浄便座、エレベーター、洗面所独立、洗面化粧台、駐輪場、宅配ボックス、光ファイバー、外壁タイル張り、2面採光、敷金不要、防犯カメラ、出窓、分譲賃貸、保証人不要、24時間緊急通報システム、3駅以上利用可、駅徒歩5分以内、駅徒歩10分以内、敷地内ごみ置き場、都市ガス、IT重説 対応物件、初期費用カード決済可、通風良好
100345153232,バストイレ別、バルコニー、エアコン、ガスコンロ対応、クロゼット、フローリング、浴室乾燥機、オートロック、室内洗濯置、シューズボックス、角住戸、温水洗浄便座、エレベーター、洗面所独立、洗面化粧台、駐輪場、宅配ボックス、光ファイバー、外壁タイル張り、2面採光、敷金不要、防犯カメラ、出窓、分譲賃貸、保証人不要、24時間緊急通報システム、3駅以上利用可、駅徒歩5分以内、駅徒歩10分以内、敷地内ごみ置き場、都市ガス、IT重説 対応物件、初期費用カード決済可、通風良好
100342028513,バストイレ別、バルコニー、エアコン、ガスコンロ対応、クロゼット、フローリング、TVインターホン、浴室乾燥機、オートロック、室内洗濯置、シューズボックス、システムキッチン、温水洗浄便座、脱衣所、エレベーター、洗面所独立、洗面化粧台、駐輪場、宅配ボックス、CATV、光ファイバー、即入居可、2面採光、敷金不要、防犯カメラ、保証人不要、単身者相談、バイク置場、全居室フローリング、ディンプルキー、駅まで平坦、ダブルロックキー、保証金不要、ルーフバルコニー、平坦地、3駅以上利用可、3沿線以上利用可、駅徒歩5分以内、敷地内ごみ置き場、東南向き、都市ガス、玄関収納、高速ネット対応、礼金1ヶ月、IT重説 対応物件
100342137982,バストイレ別、バルコニー、エアコン、ガスコンロ対応、クロゼット、フローリング、TVインターホン、浴室乾燥機、オートロック、室内洗濯置、シューズボックス、システムキッチン、温水洗浄便座、脱衣所、エレベーター、洗面所独立、洗面化粧台、駐輪場、宅配ボックス、CATV、光ファイバー、2面採光、敷金不要、防犯カメラ、保証人不要、単身者相談、バイク置場、全居室フローリング、ディンプルキー、駅まで平坦、ダブルロックキー、保証金不要、ルーフバルコニー、平坦地、3駅以上利用可、3沿線以上利用可、駅徒歩5分以内、敷地内ごみ置き場、東南向き、都市ガス、玄関収納、高速ネット対応、礼金1ヶ月、IT重説 対応物件
100345137398,バストイレ別、バルコニー、エアコン、ガスコンロ対応、クロゼット、フローリング、TVインターホン、浴室乾燥機、オートロック、室内洗濯置、陽当り良好、シューズボックス、システムキッチン、南向き、追焚機能浴室、温水洗浄便座、脱衣所、エレベーター、洗面所独立、洗面化粧台、2口コンロ、駐輪場、宅配ボックス、敷金不要、ペット相談、照明付、分譲賃貸、グリル付、保証人不要、防犯シャッター、全居室フローリング、ディンプルキー、CS、駅まで平坦、ネット使用料不要、眺望良好、南面リビング、3駅以上利用可、3沿線以上利用可、24時間ゴミ出し可、敷地内ごみ置き場、都市ガス、南面バルコニー、シャッター、BS、初期費用カード決済可、通風良好
100345124526,バストイレ別、バルコニー、エアコン、ガスコンロ対応、クロゼット、フローリング、TVインターホン、浴室乾燥機、オートロック、室内洗濯置、陽当り良好、シューズボックス、システムキッチン、角住戸、温水洗浄便座、脱衣所、エレベーター、洗面所独立、洗面化粧台、2口コンロ、駐輪場、宅配ボックス、即入居可、防犯カメラ、ペット相談、照明付、保証人不要、バイク置場、24時間緊急通報システム、CS、ネット使用料不要、複層ガラス、駅徒歩5分以内、24時間ゴミ出し可、敷地内ごみ置き場、都市ガス、BS、高速ネット対応、IT重説 対応物件、初期費用カード決済可
100345124648,バストイレ別、バルコニー、エアコン、ガスコンロ対応、クロゼット、フローリング、TVインターホン、浴室乾燥機、オートロック、室内洗濯置、陽当り良好、シューズボックス、システムキッチン、角住戸、温水洗浄便座、脱衣所、エレベーター、洗面所独立、洗面化粧台、2口コンロ、駐輪場、宅配ボックス、即入居可、防犯カメラ、ペット相談、照明付、保証人不要、バイク置場、24時間緊急通報システム、CS、ネット使用料不要、複層ガラス、駅徒歩5分以内、24時間ゴミ出し可、敷地内ごみ置き場、都市ガス、BS、高速ネット対応、IT重説 対応物件、初期費用カード決済可
100297451495,バストイレ別、バルコニー、エアコン、ガスコンロ対応、クロゼット、フローリング、TVインターホン、浴室乾燥機、オートロック、室内洗濯置、陽当り良好、シューズボックス、システムキッチン、南向き、温水洗浄便座、脱衣所、エレベーター、洗面所独立、洗面化粧台、2口コンロ、駐輪場、宅配ボックス、外壁タイル張り、BS・CS、敷金不要、防犯カメラ、ペット相談、照明付、分譲賃貸、グリル付、保証人不要、デザイナーズ、2沿線利用可、ディンプルキー、駅まで平坦、ダブルロックキー、24時間換気システム、平坦地、人感照明センサー、免震構造、防音サッシ、耐火構造、耐震構造、前面棟無、3駅以上利用可、駅徒歩5分以内、二重床構造、24時間ゴミ出し可、風除室、敷地内ごみ置き場、耐震ラッチ吊戸棚、都市ガス、南面バルコニー、玄関収納、ダウンライト、高速ネット対応、礼金1ヶ月
100334889538,バストイレ別、バルコニー、エアコン、ガスコンロ対応、クロゼット、フローリング、TVインターホン、浴室乾燥機、オートロック、室内洗濯置、シューズボックス、システムキッチン、角住戸、温水洗浄便座、脱衣所、エレベーター、洗面所独立、洗面化粧台、2口コンロ、駐輪場、宅配ボックス、光ファイバー、即入居可、2面採光、BS・CS、防犯カメラ、照明付、分譲賃貸、オートバス、保証人不要、二人入居相談、ネット使用料不要、保証金不要、3方角住戸、3駅以上利用可、3沿線以上利用可、駅徒歩5分以内、駅徒歩10分以内、24時間ゴミ出し可、敷地内ごみ置き場、都市ガス、洗面所にドア、高速ネット対応、敷金・礼金不要、初期費用カード決済可
100345355675,バストイレ別、バルコニー、エアコン、ガスコンロ対応、クロゼット、フローリング、シャワー付洗面台、TVインターホン、浴室乾燥機、オートロック、室内洗濯置、シューズボックス、システムキッチン、温水洗浄便座、脱衣所、エレベーター、洗面所独立、洗面化粧台、2口コンロ、駐輪場、宅配ボックス、外壁タイル張り、敷金不要、防犯カメラ、ペット相談、分譲賃貸、保証人不要、バイク置場、24時間緊急通報システム、ディンプルキー、ネット使用料不要、ダブルロックキー、保証金不要、築2年以内、24時間換気システム、エレベーター2基、3駅以上利用可、3沿線以上利用可、駅徒歩5分以内、24時間ゴミ出し可、敷地内ごみ置き場、東南向き、日勤管理、都市ガス、南面バルコニー、玄関収納、礼金1ヶ月、初期費用カード決済可
100345078145,バストイレ別、バルコニー、エアコン、クロゼット、TVインターホン、浴室乾燥機、オートロック、室内洗濯置、シューズボックス、南向き、温水洗浄便座、脱衣所、エレベーター、洗面所独立、洗面化粧台、2口コンロ、駐輪場、宅配ボックス、外壁タイル張り、即入居可、礼金不要、敷金不要、2沿線利用可、ネット専用回線、24時間換気システム、3駅以上利用可、駅徒歩5分以内、敷地内ごみ置き場、平面駐車場、都市ガス、洗面所にドア、敷金・礼金不要、初期費用カード決済可
100345364582,バストイレ別、バルコニー、エアコン、フローリング、浴室乾燥機、オートロック、室内洗濯置、南向き、温水洗浄便座、脱衣所、エレベーター、洗面所独立、駐輪場、宅配ボックス、外壁タイル張り、即入居可、全居室フローリング、2沿線利用可、ネット専用回線、24時間換気システム、一部フローリング、3駅以上利用可、駅徒歩5分以内、駅徒歩10分以内、洗面所にドア、敷金・礼金不要
100342860864,バストイレ別、バルコニー、エアコン、ガスコンロ対応、クロゼット、フローリング、TVインターホン、浴室乾燥機、オートロック、室内洗濯置、シューズボックス、システムキッチン、角住戸、脱衣所、洗面所独立、洗面化粧台、2口コンロ、CATV、即入居可、保証人不要、CATVインターネット、2沿線利用可、ネット専用回線、ネット使用料不要、フリーレント、2駅利用可、3駅以上利用可、敷地内ごみ置き場、IT重説 対応物件
100330226891,バストイレ別、バルコニー、エアコン、ガスコンロ対応、クロゼット、フローリング、TVインターホン、浴室乾燥機、オートロック、室内洗濯置、陽当り良好、シューズボックス、システムキッチン、温水洗浄便座、エレベーター、洗面所独立、洗面化粧台、2口コンロ、宅配ボックス、即入居可、ペット相談、分譲賃貸、保証人不要、2沿線利用可、CS、ネット専用回線、ネット使用料不要、2駅利用可、3駅以上利用可、3沿線以上利用可、駅徒歩10分以内、24時間ゴミ出し可、敷地内ごみ置き場、南西向き、都市ガス、BS、IT重説 対応物件、初期費用カード決済可
100340635857,バストイレ別、バルコニー、エアコン、ガスコンロ対応、クロゼット、フローリング、シャワー付洗面台、TVインターホン、浴室乾燥機、オートロック、室内洗濯置、陽当り良好、シューズボックス、システムキッチン、温水洗浄便座、脱衣所、エレベーター、洗面所独立、2口コンロ、駐輪場、宅配ボックス、CATV、光ファイバー、外壁タイル張り、閑静な住宅地、BS・CS、敷金不要、防犯カメラ、独立型キッチン、ペット相談、照明付、全居室収納、グリル付、単身者相談、二人入居相談、バイク置場、防犯シャッター、全居室フローリング、デザイナーズ、玄関ホール、ディンプルキー、CS、眺望良好、全室南向き、エアコン全室、保証金不要、24時間換気システム、複層ガラス、ルームシェア相談、敷地内ごみ置き場、都市ガス、BS、高速ネット対応、礼金1ヶ月、IT重説 対応物件
100334790790,バストイレ別、バルコニー、エアコン、ガスコンロ対応、クロゼット、フローリング、TVインターホン、浴室乾燥機、オートロック、室内洗濯置、シューズボックス、システムキッチン、追焚機能浴室、角住戸、温水洗浄便座、脱衣所、エレベーター、洗面所独立、2口コンロ、駐輪場、宅配ボックス、外壁タイル張り、即入居可、礼金不要、2面採光、BS・CS、敷金不要、防犯カメラ、ペット相談、分譲賃貸、保証人不要、単身者相談、二人入居相談、バイク置場、2沿線利用可、CS、ネット使用料不要、24時間換気システム、学生相談、ペット専用設備、学生敷金不要、2駅利用可、3駅以上利用可、3沿線以上利用可、駅前、駅徒歩5分以内、駅徒歩10分以内、24時間ゴミ出し可、風除室、敷地内ごみ置き場、都市ガス、BS、敷金・礼金不要、保証会社利用可、IT重説 対応物件
100342492709,バストイレ別、バルコニー、エアコン、ガスコンロ対応、クロゼット、フローリング、TVインターホン、浴室乾燥機、オートロック、室内洗濯置、シューズボックス、システムキッチン、南向き、温水洗浄便座、脱衣所、エレベーター、洗面所独立、2口コンロ、駐輪場、宅配ボックス、CATV、外壁タイル張り、即入居可、閑静な住宅地、BS・CS、敷金不要、防犯カメラ、独立型キッチン、ペット相談、照明付、分譲賃貸、保証人不要、単身者相談、CATVインターネット、二人入居相談、24時間緊急通報システム、全居室フローリング、玄関ホール、2沿線利用可、CS、駅まで平坦、エアコン全室、保証金不要、24時間換気システム、ルームシェア相談、2駅利用可、駅徒歩5分以内、敷地内ごみ置き場、都市ガス、南面バルコニー、BS、高速ネット対応、礼金1ヶ月、IT重説 対応物件、通風良好
100342588678,バストイレ別、バルコニー、エアコン、ガスコンロ対応、クロゼット、フローリング、TVインターホン、浴室乾燥機、オートロック、室内洗濯置、シューズボックス、システムキッチン、南向き、温水洗浄便座、脱衣所、エレベーター、洗面所独立、2口コンロ、駐輪場、宅配ボックス、CATV、外壁タイル張り、即入居可、閑静な住宅地、BS・CS、敷金不要、防犯カメラ、独立型キッチン、ペット相談、照明付、分譲賃貸、保証人不要、単身者相談、CATVインターネット、二人入居相談、24時間緊急通報システム、全居室フローリング、玄関ホール、2沿線利用可、CS、駅まで平坦、エアコン全室、保証金不要、24時間換気システム、ルームシェア相談、2駅利用可、駅徒歩5分以内、敷地内ごみ置き場、都市ガス、南面バルコニー、BS、高速ネット対応、礼金1ヶ月、IT重説 対応物件、通風良好
100340567460,バストイレ別、バルコニー、エアコン、ガスコンロ対応、クロゼット、フローリング、TVインターホン、浴室乾燥機、オートロック、室内洗濯置、シューズボックス、システムキッチン、角住戸、温水洗浄便座、エレベーター、洗面所独立、洗面化粧台、2口コンロ、宅配ボックス、光ファイバー、防犯カメラ、ペット相談、分譲賃貸、保証人不要、2沿線利用可、CS、ネット専用回線、2駅利用可、3駅以上利用可、3沿線以上利用可、駅徒歩5分以内、駅徒歩10分以内、24時間ゴミ出し可、敷地内ごみ置き場、セキュリティ会社加入済、都市ガス、BS、IT重説 対応物件、初期費用カード決済可
100283711372,バストイレ別、バルコニー、エアコン、ガスコンロ対応、クロゼット、フローリング、TVインターホン、浴室乾燥機、オートロック、室内洗濯置、シューズボックス、システムキッチン、温水洗浄便座、脱衣所、エレベーター、洗面所独立、洗面化粧台、2口コンロ、駐輪場、宅配ボックス、外壁タイル張り、BS・CS、敷金不要、防犯カメラ、ペット相談、照明付、分譲賃貸、保証人不要、バイク置場、デザイナーズ、2沿線利用可、ディンプルキー、ネット専用回線、駅まで平坦、ダブルロックキー、24時間換気システム、平坦地、人感照明センサー、耐火構造、耐震構造、前面棟無、始発駅、3駅以上利用可、駅徒歩10分以内、二重床構造、24時間ゴミ出し可、風除室、敷地内ごみ置き場、セキュリティ会社加入済、耐震ラッチ吊戸棚、都市ガス、ダウンライト、高速ネット対応、LAN、マルチメディアコンセント、礼金1ヶ月、IT重説 対応物件
100338779508,バストイレ別、バルコニー、エアコン、ガスコンロ対応、クロゼット、フローリング、TVインターホン、浴室乾燥機、オートロック、室内洗濯置、シューズボックス、システムキッチン、温水洗浄便座、エレベーター、洗面所独立、2口コンロ、駐輪場、宅配ボックス、光ファイバー、即入居可、礼金不要、最上階、BS・CS、敷金不要、ペット相談、分譲賃貸、単身者相談、二人入居相談、バイク置場、玄関ホール、2沿線利用可、CS、ネット専用回線、駅まで平坦、ネット使用料不要、保証金不要、駅前、24時間ゴミ出し可、敷地内ごみ置き場、南西向き、都市ガス、BS、高速ネット対応、敷金・礼金不要、IT重説 対応物件
100333063880,バストイレ別、バルコニー、エアコン、ガスコンロ対応、クロゼット、フローリング、TVインターホン、浴室乾燥機、オートロック、室内洗濯置、シューズボックス、システムキッチン、追焚機能浴室、角住戸、温水洗浄便座、脱衣所、エレベーター、洗面所独立、2口コンロ、駐輪場、宅配ボックス、外壁タイル張り、即入居可、礼金不要、最上階、BS・CS、敷金不要、防犯カメラ、ペット相談、照明付、分譲賃貸、保証人不要、単身者相談、二人入居相談、バイク置場、2沿線利用可、CS、ネット使用料不要、24時間換気システム、ルームシェア相談、学生相談、ペット専用設備、学生敷金不要、2駅利用可、3駅以上利用可、3沿線以上利用可、駅徒歩5分以内、駅徒歩10分以内、24時間ゴミ出し可、風除室、敷地内ごみ置き場、都市ガス、BS、敷金・礼金不要、保証会社利用可、IT重説 対応物件
100340638271,バストイレ別、バルコニー、エアコン、ガスコンロ対応、クロゼット、フローリング、TVインターホン、浴室乾燥機、オートロック、室内洗濯置、シューズボックス、システムキッチン、南向き、温水洗浄便座、エレベーター、洗面所独立、洗面化粧台、2口コンロ、駐輪場、宅配ボックス、光ファイバー、外壁タイル張り、敷金不要、照明付、分譲賃貸、保証人不要、ディンプルキー、CS、24時間換気システム、平坦地、3駅以上利用可、駅徒歩5分以内、駅徒歩10分以内、敷地内ごみ置き場、都市ガス、南面バルコニー、BS、保証会社利用可、IT重説 対応物件、初期費用カード決済可、通風良好
100340638991,バストイレ別、バルコニー、エアコン、ガスコンロ対応、クロゼット、フローリング、TVインターホン、浴室乾燥機、オートロック、室内洗濯置、シューズボックス、システムキッチン、南向き、温水洗浄便座、エレベーター、洗面所独立、洗面化粧台、2口コンロ、駐輪場、宅配ボックス、光ファイバー、外壁タイル張り、敷金不要、照明付、分譲賃貸、保証人不要、ディンプルキー、CS、24時間換気システム、平坦地、3駅以上利用可、駅徒歩5分以内、駅徒歩10分以内、敷地内ごみ置き場、都市ガス、南面バルコニー、BS、保証会社利用可、IT重説 対応物件、初期費用カード決済可、通風良好
100334826939,バストイレ別、バルコニー、エアコン、ガスコンロ対応、クロゼット、フローリング、シャワー付洗面台、TVインターホン、浴室乾燥機、オートロック、室内洗濯置、陽当り良好、シューズボックス、システムキッチン、角住戸、温水洗浄便座、エレベーター、洗面所独立、洗面化粧台、2口コンロ、駐輪場、宅配ボックス、光ファイバー、外壁タイル張り、即入居可、2面採光、敷金不要、防犯カメラ、ペット相談、分譲賃貸、保証人不要、バイク置場、CS、ネット使用料不要、平坦地、3駅以上利用可、駅徒歩5分以内、駅徒歩10分以内、敷地内ごみ置き場、都市ガス、BS、IT重説 対応物件、初期費用カード決済可、通風良好
100345592139,バストイレ別、バルコニー、エアコン、ガスコンロ対応、クロゼット、フローリング、TVインターホン、浴室乾燥機、オートロック、室内洗濯置、シューズボックス、システムキッチン、南向き、角住戸、温水洗浄便座、エレベーター、洗面所独立、2口コンロ、駐輪場、宅配ボックス、光ファイバー、外壁タイル張り、敷金不要、防犯カメラ、分譲賃貸、グリル付、保証人不要、全居室フローリング、2沿線利用可、ディンプルキー、CS、ネット専用回線、ダブルロックキー、24時間換気システム、耐火構造、2駅利用可、3駅以上利用可、駅徒歩5分以内、駅徒歩10分以内、都市ガス、BS、礼金1ヶ月、保証会社利用可
100345609255,バストイレ別、バルコニー、エアコン、ガスコンロ対応、クロゼット、フローリング、TVインターホン、浴室乾燥機、オートロック、室内洗濯置、陽当り良好、シューズボックス、システムキッチン、温水洗浄便座、脱衣所、エレベーター、洗面所独立、2口コンロ、駐輪場、宅配ボックス、光ファイバー、即入居可、BS・CS、敷金不要、独立型キッチン、ペット相談、全居室収納、分譲賃貸、保証人不要、単身者相談、二人入居相談、バイク置場、全居室フローリング、玄関ホール、CS、ネット専用回線、駅まで平坦、ネット使用料不要、保証金不要、24時間換気システム、平坦地、3駅以上利用可、3沿線以上利用可、駅徒歩5分以内、24時間ゴミ出し可、敷地内ごみ置き場、南西向き、日勤管理、都市ガス、洗面所にドア、玄関収納、BS、高速ネット対応、LAN、礼金1ヶ月、IT重説 対応物件、通風良好
100345666082,バストイレ別、バルコニー、エアコン、クロゼット、フローリング、シャワー付洗面台、TVインターホン、浴室乾燥機、オートロック、室内洗濯置、シューズボックス、システムキッチン、追焚機能浴室、角住戸、温水洗浄便座、エレベーター、洗面所独立、2口コンロ、駐輪場、宅配ボックス、即入居可、2面採光、敷金不要、防犯カメラ、ペット相談、分譲賃貸、オートバス、二人入居相談、バイク置場、全居室フローリング、2沿線利用可、CS、ネット使用料不要、24時間換気システム、駅徒歩5分以内、24時間ゴミ出し可、敷地内ごみ置き場、都市ガス、BS、敷金・礼金不要
100324379101,バストイレ別、バルコニー、エアコン、ガスコンロ対応、クロゼット、フローリング、TVインターホン、浴室乾燥機、オートロック、室内洗濯置、シューズボックス、システムキッチン、角住戸、エレベーター、洗面所独立、洗面化粧台、2口コンロ、宅配ボックス、外壁タイル張り、敷金不要、防犯カメラ、ペット相談、照明付、分譲賃貸、保証人不要、二人入居相談、ガスレンジ付、2沿線利用可、24時間換気システム、人感照明センサー、ペット専用設備、2駅利用可、駅徒歩10分以内、ゴミ回収サービス、24時間ゴミ出し可、風除室、敷地内ごみ置き場、耐震ラッチ吊戸棚、都市ガス、耐震扉、ダウンライト、マルチメディアコンセント、礼金1ヶ月、保証会社利用可
100345168377,バストイレ別、バルコニー、エアコン、ガスコンロ対応、クロゼット、フローリング、TVインターホン、浴室乾燥機、オートロック、室内洗濯置、シューズボックス、システムキッチン、温水洗浄便座、脱衣所、エレベーター、洗面所独立、洗面化粧台、2口コンロ、駐輪場、宅配ボックス、防犯カメラ、分譲賃貸、グリル付、保証人不要、2沿線利用可、CS、ネット専用回線、駅まで平坦、ネット使用料不要、2駅利用可、3駅以上利用可、駅徒歩5分以内、駅徒歩10分以内、24時間ゴミ出し可、敷地内ごみ置き場、築5年以内、都市ガス、BS、初期費用カード決済可
100345686076,バストイレ別、バルコニー、エアコン、クロゼット、フローリング、シャワー付洗面台、TVインターホン、浴室乾燥機、オートロック、室内洗濯置、シューズボックス、システムキッチン、角住戸、温水洗浄便座、脱衣所、エレベーター、洗面所独立、洗面化粧台、2口コンロ、駐輪場、宅配ボックス、光ファイバー、外壁タイル張り、即入居可、2面採光、BS・CS、敷金不要、防犯カメラ、ペット相談、全居室収納、分譲賃貸、全居室洋室、保証人不要、単身者相談、二人入居相談、バイク置場、デザイナーズ、CS、ネット使用料不要、保証金不要、24時間換気システム、3駅以上利用可、3沿線以上利用可、駅徒歩5分以内、24時間ゴミ出し可、敷地内ごみ置き場、セキュリティ会社加入済、全居室6畳以上、都市ガス、洗面所にドア、玄関収納、BS、高速ネット対応、マルチメディアコンセント、年内入居可、年度内入居可、礼金1ヶ月、保証会社利用可、IT重説 対応物件
100345187155,バストイレ別、バルコニー、エアコン、ガスコンロ対応、クロゼット、フローリング、シャワー付洗面台、TVインターホン、浴室乾燥機、オートロック、室内洗濯置、シューズボックス、システムキッチン、角住戸、温水洗浄便座、脱衣所、エレベーター、洗面所独立、洗面化粧台、2口コンロ、駐輪場、宅配ボックス、光ファイバー、外壁タイル張り、BS・CS、敷金不要、防犯カメラ、ペット相談、照明付、全居室収納、分譲賃貸、保証人不要、24時間緊急通報システム、全居室フローリング、ガスレンジ付、2沿線利用可、ディンプルキー、CS、ネット専用回線、駅まで平坦、エアコン全室、ダブルロックキー、24時間換気システム、複層ガラス、平坦地、2駅利用可、3駅以上利用可、3沿線以上利用可、駅徒歩10分以内、24時間ゴミ出し可、敷地内ごみ置き場、都市ガス、室内物干機、玄関収納、BS、高速ネット対応、初期費用カード決済可、家賃カード決済可、全室照明付
100345530517,バストイレ別、バルコニー、エアコン、クロゼット、フローリング、TVインターホン、浴室乾燥機、オートロック、室内洗濯置、シューズボックス、システムキッチン、温水洗浄便座、脱衣所、エレベーター、洗面所独立、洗面化粧台、2口コンロ、駐輪場、宅配ボックス、外壁タイル張り、BS・CS、防犯カメラ、照明付、分譲賃貸、グリル付、保証人不要、敷金1ヶ月、カードキー、ネット専用回線、駅まで平坦、ネット使用料不要、築2年以内、24時間換気システム、複層ガラス、平坦地、人感照明センサー、耐火構造、耐震構造、前面棟無、3駅以上利用可、3沿線以上利用可、バス2路線、駅徒歩5分以内、24時間ゴミ出し可、風除室、敷地内ごみ置き場、耐震ラッチ吊戸棚、都市ガス、南面バルコニー、ダウンライト、高速ネット対応、LAN、マルチメディアコンセント、礼金2ヶ月、IT重説 対応物件
100345067136,バストイレ別、バルコニー、エアコン、クロゼット、フローリング、シャワー付洗面台、TVインターホン、浴室乾燥機、オートロック、室内洗濯置、シューズボックス、システムキッチン、温水洗浄便座、脱衣所、エレベーター、洗面所独立、洗面化粧台、2口コンロ、駐輪場、宅配ボックス、BS・CS、防犯カメラ、照明付、分譲賃貸、グリル付、保証人不要、24時間緊急通報システム、カードキー、ガスレンジ付、2沿線利用可、CS、ネット専用回線、駅まで平坦、ネット使用料不要、平坦地、2駅利用可、3駅以上利用可、駅前、駅徒歩5分以内、駅徒歩10分以内、24時間ゴミ出し可、敷地内ごみ置き場、東南向き、都市ガス、南面バルコニー、玄関収納、BS、保証会社利用可、初期費用カード決済可
100345071123,バストイレ別、バルコニー、エアコン、ガスコンロ対応、クロゼット、フローリング、TVインターホン、浴室乾燥機、オートロック、室内洗濯置、陽当り良好、シューズボックス、システムキッチン、南向き、温水洗浄便座、脱衣所、エレベーター、洗面所独立、洗面化粧台、2口コンロ、宅配ボックス、光ファイバー、即入居可、防犯カメラ、照明付、分譲賃貸、グリル付、保証人不要、カードキー、2沿線利用可、ネット専用回線、ネット使用料不要、複層ガラス、2駅利用可、3駅以上利用可、24時間ゴミ出し可、敷地内ごみ置き場、都市ガス、BS、IT重説 対応物件
100345048936,バストイレ別、バルコニー、エアコン、ガスコンロ対応、クロゼット、フローリング、TVインターホン、浴室乾燥機、オートロック、室内洗濯置、陽当り良好、シューズボックス、システムキッチン、南向き、温水洗浄便座、脱衣所、エレベーター、洗面所独立、洗面化粧台、2口コンロ、駐輪場、宅配ボックス、防犯カメラ、分譲賃貸、グリル付、保証人不要、2沿線利用可、CS、ネット専用回線、駅まで平坦、ネット使用料不要、2駅利用可、3駅以上利用可、駅徒歩5分以内、駅徒歩10分以内、24時間ゴミ出し可、敷地内ごみ置き場、築5年以内、都市ガス、BS、初期費用カード決済可
100345100123,バストイレ別、バルコニー、エアコン、ガスコンロ対応、フローリング、TVインターホン、浴室乾燥機、オートロック、室内洗濯置、陽当り良好、シューズボックス、システムキッチン、温水洗浄便座、エレベーター、洗面所独立、2口コンロ、駐輪場、宅配ボックス、閑静な住宅地、防犯カメラ、照明付、分譲賃貸、保証人不要、24時間緊急通報システム、カードキー、CS、眺望良好、24時間換気システム、24時間ゴミ出し可、都市ガス、BS
100345047512,バストイレ別、バルコニー、エアコン、ガスコンロ対応、クロゼット、フローリング、TVインターホン、浴室乾燥機、オートロック、室内洗濯置、陽当り良好、シューズボックス、システムキッチン、南向き、温水洗浄便座、脱衣所、エレベーター、洗面所独立、洗面化粧台、2口コンロ、駐輪場、宅配ボックス、防犯カメラ、分譲賃貸、グリル付、保証人不要、2沿線利用可、CS、ネット専用回線、駅まで平坦、ネット使用料不要、2駅利用可、3駅以上利用可、駅徒歩5分以内、駅徒歩10分以内、24時間ゴミ出し可、敷地内ごみ置き場、築5年以内、都市ガス、BS、初期費用カード決済可
100345124280,バストイレ別、バルコニー、エアコン、ガスコンロ対応、フローリング、TVインターホン、浴室乾燥機、オートロック、室内洗濯置、陽当り良好、シューズボックス、システムキッチン、温水洗浄便座、エレベーター、洗面所独立、2口コンロ、駐輪場、宅配ボックス、閑静な住宅地、防犯カメラ、照明付、分譲賃貸、保証人不要、24時間緊急通報システム、カードキー、CS、眺望良好、24時間換気システム、24時間ゴミ出し可、都市ガス、BS
100345047166,バストイレ別、バルコニー、エアコン、ガスコンロ対応、クロゼット、フローリング、TVインターホン、浴室乾燥機、オートロック、室内洗濯置、陽当り良好、シューズボックス、システムキッチン、南向き、温水洗浄便座、脱衣所、エレベーター、洗面所独立、洗面化粧台、2口コンロ、駐輪場、宅配ボックス、防犯カメラ、分譲賃貸、グリル付、保証人不要、2沿線利用可、CS、ネット専用回線、駅まで平坦、ネット使用料不要、2駅利用可、3駅以上利用可、駅徒歩5分以内、駅徒歩10分以内、24時間ゴミ出し可、敷地内ごみ置き場、築5年以内、都市ガス、BS、初期費用カード決済可
100345059464,バストイレ別、バルコニー、エアコン、ガスコンロ対応、クロゼット、TVインターホン、浴室乾燥機、オートロック、室内洗濯置、シューズボックス、南向き、温水洗浄便座、脱衣所、エレベーター、洗面所独立、洗面化粧台、2口コンロ、宅配ボックス、光ファイバー、外壁タイル張り、即入居可、防犯カメラ、分譲賃貸、保証人不要、始発駅、3駅以上利用可、3沿線以上利用可、駅徒歩5分以内、敷地内ごみ置き場、洗面所にドア、南面バルコニー、高速ネット対応、敷金・礼金不要、初期費用カード決済可
100340400410,バストイレ別、バルコニー、エアコン、フローリング、TVインターホン、浴室乾燥機、オートロック、室内洗濯置、陽当り良好、シューズボックス、角住戸、温水洗浄便座、洗面所独立、宅配ボックス、閑静な住宅地、IHクッキングヒーター、オール電化、CS、眺望良好、BS
100340422991,バストイレ別、バルコニー、エアコン、フローリング、TVインターホン、浴室乾燥機、オートロック、室内洗濯置、陽当り良好、シューズボックス、角住戸、温水洗浄便座、洗面所独立、宅配ボックス、閑静な住宅地、IHクッキングヒーター、オール電化、CS、眺望良好、BS
100345354051,バストイレ別、バルコニー、エアコン、ガスコンロ対応、クロゼット、フローリング、TVインターホン、浴室乾燥機、オートロック、室内洗濯置、シューズボックス、システムキッチン、南向き、追焚機能浴室、脱衣所、エレベーター、洗面所独立、洗面化粧台、2口コンロ、駐輪場、宅配ボックス、外壁タイル張り、対面式キッチン、防犯カメラ、照明付、オートバス、グリル付、保証人不要、敷金1ヶ月、24時間緊急通報システム、玄関ホール、2沿線利用可、ダブルロックキー、保証金不要、24時間換気システム、2駅利用可、駅徒歩10分以内、バス停徒歩3分以内、24時間ゴミ出し可、敷地内ごみ置き場、都市ガス、三面鏡付洗面化粧台、玄関収納、礼金1ヶ月、初期費用カード決済可
100345355668,バストイレ別、バルコニー、エアコン、ガスコンロ対応、クロゼット、フローリング、TVインターホン、浴室乾燥機、オートロック、室内洗濯置、シューズボックス、システムキッチン、南向き、追焚機能浴室、脱衣所、エレベーター、洗面所独立、洗面化粧台、2口コンロ、駐輪場、宅配ボックス、外壁タイル張り、対面式キッチン、防犯カメラ、照明付、オートバス、グリル付、保証人不要、敷金1ヶ月、24時間緊急通報システム、玄関ホール、2沿線利用可、ダブルロックキー、保証金不要、24時間換気システム、2駅利用可、駅徒歩10分以内、バス停徒歩3分以内、24時間ゴミ出し可、敷地内ごみ置き場、都市ガス、三面鏡付洗面化粧台、玄関収納、礼金1ヶ月、初期費用カード決済可
100339811321,バストイレ別、バルコニー、エアコン、フローリング、TVインターホン、浴室乾燥機、オートロック、室内洗濯置、シューズボックス、角住戸、温水洗浄便座、洗面所独立、洗面化粧台、宅配ボックス、光ファイバー、2面採光、IHクッキングヒーター、保証人不要、オール電化、駅まで平坦、ネット使用料不要、平坦地、3駅以上利用可、駅徒歩5分以内、駅徒歩10分以内、BS、IT重説 対応物件、初期費用カード決済可、通風良好
100339810562,バストイレ別、バルコニー、エアコン、フローリング、TVインターホン、浴室乾燥機、オートロック、室内洗濯置、シューズボックス、角住戸、温水洗浄便座、洗面所独立、洗面化粧台、宅配ボックス、光ファイバー、2面採光、IHクッキングヒーター、保証人不要、オール電化、駅まで平坦、ネット使用料不要、平坦地、3駅以上利用可、駅徒歩5分以内、駅徒歩10分以内、BS、IT重説 対応物件、初期費用カード決済可、通風良好
100340574999,バストイレ別、バルコニー、エアコン、フローリング、TVインターホン、浴室乾燥機、オートロック、室内洗濯置、シューズボックス、角住戸、温水洗浄便座、洗面所独立、駐輪場、宅配ボックス、2面採光、BS・CS、IHクッキングヒーター、保証人不要、敷金1ヶ月、オール電化、2沿線利用可、CS、駅まで平坦、ネット使用料不要、事務所相談、24時間換気システム、平坦地、2駅利用可、駅徒歩5分以内、駅徒歩10分以内、敷地内ごみ置き場、BS、礼金1ヶ月、保証会社利用可、IT重説 対応物件
100340656492,バストイレ別、バルコニー、エアコン、ガスコンロ対応、クロゼット、フローリング、シャワー付洗面台、TVインターホン、浴室乾燥機、オートロック、室内洗濯置、シューズボックス、システムキッチン、南向き、温水洗浄便座、脱衣所、エレベーター、洗面所独立、洗面化粧台、2口コンロ、駐輪場、宅配ボックス、光ファイバー、外壁タイル張り、BS・CS、敷金不要、防犯カメラ、照明付、分譲賃貸、グリル付、保証人不要、単身者相談、二人入居相談、全居室フローリング、2沿線利用可、CS、ネット専用回線、駅まで平坦、保証金不要、24時間換気システム、2駅利用可、3駅以上利用可、駅徒歩5分以内、駅徒歩10分以内、24時間ゴミ出し可、敷地内ごみ置き場、都市ガス、洗面所にドア、南面バルコニー、玄関収納、BS、高速ネット対応、礼金1ヶ月、IT重説 対応物件、初期費用カード決済可
100340636118,バストイレ別、バルコニー、エアコン、ガスコンロ対応、クロゼット、フローリング、シャワー付洗面台、TVインターホン、浴室乾燥機、オートロック、室内洗濯置、シューズボックス、システムキッチン、南向き、温水洗浄便座、脱衣所、エレベーター、洗面所独立、洗面化粧台、2口コンロ、駐輪場、宅配ボックス、光ファイバー、外壁タイル張り、BS・CS、敷金不要、防犯カメラ、照明付、分譲賃貸、グリル付、保証人不要、単身者相談、二人入居相談、全居室フローリング、2沿線利用可、CS、ネット専用回線、駅まで平坦、保証金不要、24時間換気システム、2駅利用可、3駅以上利用可、駅徒歩5分以内、駅徒歩10分以内、24時間ゴミ出し可、敷地内ごみ置き場、都市ガス、洗面所にドア、南面バルコニー、玄関収納、BS、高速ネット対応、礼金1ヶ月、IT重説 対応物件、初期費用カード決済可
100339816681,バストイレ別、バルコニー、エアコン、ガスコンロ対応、クロゼット、フローリング、TVインターホン、浴室乾燥機、オートロック、室内洗濯置、シューズボックス、システムキッチン、角住戸、温水洗浄便座、脱衣所、エレベーター、洗面所独立、洗面化粧台、2口コンロ、宅配ボックス、礼金不要、防犯カメラ、ペット相談、分譲賃貸、保証人不要、2沿線利用可、CS、ネット専用回線、駅まで平坦、ネット使用料不要、2駅利用可、3駅以上利用可、駅徒歩5分以内、駅徒歩10分以内、24時間ゴミ出し可、敷地内ごみ置き場、都市ガス、BS、敷金・礼金不要、初期費用カード決済可
100339820383,バストイレ別、バルコニー、エアコン、ガスコンロ対応、クロゼット、フローリング、TVインターホン、浴室乾燥機、オートロック、室内洗濯置、シューズボックス、システムキッチン、角住戸、温水洗浄便座、脱衣所、エレベーター、洗面所独立、洗面化粧台、2口コンロ、宅配ボックス、礼金不要、防犯カメラ、ペット相談、分譲賃貸、保証人不要、2沿線利用可、CS、ネット専用回線、駅まで平坦、ネット使用料不要、2駅利用可、3駅以上利用可、駅徒歩5分以内、駅徒歩10分以内、24時間ゴミ出し可、敷地内ごみ置き場、都市ガス、BS、敷金・礼金不要、初期費用カード決済可
100341570048,バストイレ別、バルコニー、エアコン、ガスコンロ対応、クロゼット、フローリング、TVインターホン、浴室乾燥機、オートロック、室内洗濯置、陽当り良好、シューズボックス、システムキッチン、南向き、追焚機能浴室、温水洗浄便座、脱衣所、エレベーター、洗面所独立、洗面化粧台、2口コンロ、駐輪場、宅配ボックス、礼金不要、敷金不要、防犯カメラ、ペット相談、照明付、分譲賃貸、グリル付、保証人不要、防犯シャッター、全居室フローリング、ディンプルキー、CS、駅まで平坦、ネット使用料不要、眺望良好、南面リビング、3駅以上利用可、3沿線以上利用可、24時間ゴミ出し可、敷地内ごみ置き場、都市ガス、南面バルコニー、シャッター、BS、敷金・礼金不要、初期費用カード決済可、通風良好
100286958022,バストイレ別、バルコニー、エアコン、ガスコンロ対応、クロゼット、フローリング、シャワー付洗面台、TVインターホン、浴室乾燥機、オートロック、室内洗濯置、シューズボックス、システムキッチン、角住戸、温水洗浄便座、脱衣所、エレベーター、洗面所独立、洗面化粧台、2口コンロ、駐輪場、宅配ボックス、外壁タイル張り、即入居可、最上階、BS・CS、防犯カメラ、ペット相談、分譲賃貸、保証人不要、二人入居相談、バイク置場、カードキー、デザイナーズ、2沿線利用可、ネット専用回線、駅まで平坦、ネット使用料不要、24時間換気システム、平坦地、ルームシェア相談、耐火構造、耐震構造、3駅以上利用可、駅前、駅徒歩5分以内、上階無し、24時間ゴミ出し可、風除室、敷地内ごみ置き場、セキュリティ会社加入済、耐震ラッチ吊戸棚、都市ガス、南面バルコニー、ダウンライト、高速ネット対応、LAN、マルチメディアコンセント、敷金・礼金不要、IT重説 対応物件
100344267289,バストイレ別、バルコニー、エアコン、ガスコンロ対応、クロゼット、フローリング、シャワー付洗面台、TVインターホン、浴室乾燥機、オートロック、室内洗濯置、シューズボックス、システムキッチン、角住戸、温水洗浄便座、脱衣所、エレベーター、洗面所独立、洗面化粧台、2口コンロ、駐輪場、宅配ボックス、外壁タイル張り、即入居可、2面採光、防犯カメラ、ペット相談、分譲賃貸、オートバス、保証人不要、バイク置場、24時間緊急通報システム、2沿線利用可、ディンプルキー、駅まで平坦、ネット使用料不要、ダブルロックキー、保証金不要、24時間換気システム、平坦地、ルームシェア相談、人感照明センサー、3駅以上利用可、駅徒歩5分以内、24時間ゴミ出し可、敷地内ごみ置き場、都市ガス、玄関収納、敷金・礼金不要、初期費用カード決済可
100338519720,バストイレ別、バルコニー、エアコン、ガスコンロ対応、クロゼット、フローリング、シャワー付洗面台、TVインターホン、浴室乾燥機、オートロック、室内洗濯置、シューズボックス、システムキッチン、角住戸、温水洗浄便座、脱衣所、エレベーター、洗面所独立、洗面化粧台、2口コンロ、駐輪場、宅配ボックス、外壁タイル張り、即入居可、2面採光、敷金不要、防犯カメラ、ペット相談、分譲賃貸、オートバス、保証人不要、バイク置場、24時間緊急通報システム、2沿線利用可、ディンプルキー、駅まで平坦、ネット使用料不要、ダブルロックキー、保証金不要、24時間換気システム、平坦地、ルームシェア相談、人感照明センサー、3駅以上利用可、駅徒歩5分以内、24時間ゴミ出し可、敷地内ごみ置き場、都市ガス、玄関収納、礼金1ヶ月、初期費用カード決済可
100337573300,バストイレ別、バルコニー、エアコン、クロゼット、フローリング、TVインターホン、浴室乾燥機、オートロック、室内洗濯置、シューズボックス、システムキッチン、追焚機能浴室、角住戸、温水洗浄便座、エレベーター、洗面所独立、駐輪場、宅配ボックス、CATV、外壁タイル張り、礼金不要、2面採光、BS・CS、敷金不要、防犯カメラ、独立型キッチン、ペット相談、IHクッキングヒーター、照明付、全居室収納、分譲賃貸、全居室洋室、東南角住戸、仲介手数料不要、二人入居相談、全居室フローリング、デザイナーズ、2沿線利用可、CS、ネット専用回線、眺望良好、エアコン全室、24時間換気システム、外壁コンクリート、ペット専用設備、全室2面採光、2駅利用可、3駅以上利用可、駅徒歩5分以内、駅徒歩10分以内、24時間ゴミ出し可、敷地内ごみ置き場、東南向き、当社管理物件、都市ガス、南面バルコニー、BS、敷金・礼金不要、初期費用カード決済可、通風良好
100342853895,バストイレ別、バルコニー、エアコン、クロゼット、フローリング、TVインターホン、浴室乾燥機、オートロック、室内洗濯置、シューズボックス、システムキッチン、角住戸、脱衣所、洗面所独立、洗面化粧台、2口コンロ、CATV、光ファイバー、外壁タイル張り、礼金不要、2面採光、敷金不要、照明付、出窓、保証人不要、24時間緊急通報システム、ガスレンジ付、2沿線利用可、ネット専用回線、ネット使用料不要、24時間換気システム、複層ガラス、南面リビング、2駅利用可、3駅以上利用可、3沿線以上利用可、駅前、駅徒歩5分以内、駅徒歩10分以内、東南向き、南面バルコニー、室内物干機、玄関収納、高速ネット対応、敷金・礼金不要、初期費用カード決済可、通風良好
100344565669,バストイレ別、バルコニー、エアコン、ガスコンロ対応、クロゼット、フローリング、シャワー付洗面台、TVインターホン、浴室乾燥機、オートロック、室内洗濯置、シューズボックス、システムキッチン、温水洗浄便座、脱衣所、エレベーター、洗面所独立、洗面化粧台、2口コンロ、駐輪場、宅配ボックス、外壁タイル張り、敷金不要、防犯カメラ、ペット相談、分譲賃貸、保証人不要、バイク置場、24時間緊急通報システム、ディンプルキー、ネット使用料不要、ダブルロックキー、保証金不要、築2年以内、24時間換気システム、エレベーター2基、3駅以上利用可、3沿線以上利用可、駅徒歩5分以内、24時間ゴミ出し可、敷地内ごみ置き場、東南向き、日勤管理、都市ガス、南面バルコニー、玄関収納、礼金1ヶ月、初期費用カード決済可
100343719127,バストイレ別、バルコニー、エアコン、ガスコンロ対応、クロゼット、フローリング、TVインターホン、浴室乾燥機、オートロック、室内洗濯置、陽当り良好、シューズボックス、システムキッチン、角住戸、脱衣所、洗面所独立、洗面化粧台、2口コンロ、駐輪場、外壁タイル張り、2面採光、照明付、保証人不要、東南角住戸、24時間緊急通報システム、玄関ホール、2沿線利用可、駅まで平坦、ネット使用料不要、ダブルロックキー、保証金不要、24時間換気システム、平坦地、2駅利用可、駅徒歩10分以内、敷地内ごみ置き場、東南向き、玄関収納、敷金・礼金不要、初期費用カード決済可
100343719318,バストイレ別、バルコニー、エアコン、ガスコンロ対応、クロゼット、フローリング、TVインターホン、浴室乾燥機、オートロック、室内洗濯置、陽当り良好、シューズボックス、システムキッチン、角住戸、脱衣所、洗面所独立、洗面化粧台、2口コンロ、駐輪場、外壁タイル張り、2面採光、照明付、保証人不要、東南角住戸、24時間緊急通報システム、玄関ホール、2沿線利用可、駅まで平坦、ネット使用料不要、ダブルロックキー、保証金不要、24時間換気システム、平坦地、2駅利用可、駅徒歩10分以内、敷地内ごみ置き場、東南向き、玄関収納、敷金・礼金不要、初期費用カード決済可
100066020081,バストイレ別、バルコニー、エアコン、クロゼット、フローリング、シャワー付洗面台、TVインターホン、浴室乾燥機、オートロック、室内洗濯置、陽当り良好、シューズボックス、システムキッチン、角住戸、脱衣所、洗面所独立、洗面化粧台、2口コンロ、駐輪場、CATV、光ファイバー、外壁タイル張り、礼金不要、閑静な住宅地、2面採光、敷金不要、防犯カメラ、独立型キッチン、全居室洋室、ウォークインクロゼット、保証人不要、全居室フローリング、デザイナーズ、駅まで平坦、ネット使用料不要、眺望良好、24時間換気システム、クロゼット2ヶ所、平坦地、3駅以上利用可、3沿線以上利用可、駅徒歩5分以内、駅徒歩10分以内、敷地内ごみ置き場、全居室6畳以上、敷金・礼金不要、保証会社利用可、通風良好
100340634552,バストイレ別、バルコニー、エアコン、ガスコンロ対応、クロゼット、フローリング、シャワー付洗面台、TVインターホン、浴室乾燥機、オートロック、室内洗濯置、陽当り良好、シューズボックス、システムキッチン、温水洗浄便座、脱衣所、エレベーター、洗面所独立、2口コンロ、駐輪場、宅配ボックス、CATV、光ファイバー、外壁タイル張り、閑静な住宅地、BS・CS、敷金不要、防犯カメラ、独立型キッチン、ペット相談、照明付、全居室収納、グリル付、単身者相談、二人入居相談、バイク置場、防犯シャッター、全居室フローリング、デザイナーズ、玄関ホール、ディンプルキー、CS、眺望良好、全室南向き、エアコン全室、保証金不要、24時間換気システム、複層ガラス、ルームシェア相談、敷地内ごみ置き場、都市ガス、BS、高速ネット対応、礼金1ヶ月、IT重説 対応物件
100340636464,バストイレ別、バルコニー、エアコン、ガスコンロ対応、クロゼット、フローリング、シャワー付洗面台、TVインターホン、浴室乾燥機、オートロック、室内洗濯置、陽当り良好、シューズボックス、システムキッチン、温水洗浄便座、脱衣所、エレベーター、洗面所独立、2口コンロ、駐輪場、宅配ボックス、CATV、光ファイバー、外壁タイル張り、閑静な住宅地、BS・CS、敷金不要、防犯カメラ、独立型キッチン、ペット相談、照明付、全居室収納、グリル付、単身者相談、二人入居相談、バイク置場、防犯シャッター、全居室フローリング、デザイナーズ、玄関ホール、ディンプルキー、CS、眺望良好、全室南向き、エアコン全室、保証金不要、24時間換気システム、複層ガラス、ルームシェア相談、敷地内ごみ置き場、都市ガス、BS、高速ネット対応、礼金1ヶ月、IT重説 対応物件
100341941019,バストイレ別、バルコニー、エアコン、ガスコンロ対応、クロゼット、フローリング、浴室乾燥機、オートロック、室内洗濯置、シューズボックス、システムキッチン、南向き、温水洗浄便座、脱衣所、エレベーター、洗面所独立、宅配ボックス、外壁タイル張り、BS・CS、敷金不要、ペット相談、分譲賃貸、保証人不要、二人入居相談、全居室フローリング、2沿線利用可、保証金不要、ルームシェア相談、一部フローリング、3駅以上利用可、駅徒歩5分以内、駅徒歩10分以内、洗面所にドア、礼金1ヶ月、初期費用カード決済可
100340495199,バストイレ別、バルコニー、エアコン、ガスコンロ対応、クロゼット、フローリング、TVインターホン、浴室乾燥機、オートロック、室内洗濯置、シューズボックス、システムキッチン、追焚機能浴室、角住戸、温水洗浄便座、脱衣所、エレベーター、洗面所独立、洗面化粧台、2口コンロ、駐輪場、宅配ボックス、光ファイバー、外壁タイル張り、BS・CS、敷金不要、防犯カメラ、ペット相談、照明付、分譲賃貸、オートバス、保証人不要、全居室フローリング、駅まで平坦、ネット使用料不要、エアコン全室、保証金不要、24時間換気システム、平坦地、ルームシェア相談、3駅以上利用可、3沿線以上利用可、駅徒歩5分以内、敷地内ごみ置き場、都市ガス、玄関収納、高速ネット対応、礼金1ヶ月、初期費用カード決済可、通風良好
100342209826,バストイレ別、バルコニー、エアコン、ガスコンロ対応、クロゼット、フローリング、TVインターホン、浴室乾燥機、オートロック、室内洗濯置、シューズボックス、システムキッチン、追焚機能浴室、角住戸、温水洗浄便座、エレベーター、洗面所独立、洗面化粧台、2口コンロ、駐輪場、宅配ボックス、敷金不要、防犯カメラ、ペット相談、保証人不要、2沿線利用可、ネット使用料不要、学生相談、2駅利用可、3沿線以上利用可、駅徒歩5分以内、駅徒歩10分以内、敷地内ごみ置き場、都市ガス、年内入居可、年度内入居可、礼金1ヶ月
100343933724,バストイレ別、バルコニー、エアコン、ガスコンロ対応、クロゼット、フローリング、TVインターホン、浴室乾燥機、オートロック、室内洗濯置、シューズボックス、システムキッチン、角住戸、脱衣所、洗面所独立、洗面化粧台、2口コンロ、CATV、礼金不要、敷金不要、保証人不要、2沿線利用可、ネット使用料不要、2駅利用可、3駅以上利用可、駅徒歩5分以内、駅徒歩10分以内、東南向き、プロパンガス、敷金・礼金不要、初期費用カード決済可
100341563155,バストイレ別、バルコニー、エアコン、ガスコンロ対応、クロゼット、フローリング、シャワー付洗面台、TVインターホン、浴室乾燥機、オートロック、室内洗濯置、陽当り良好、シューズボックス、システムキッチン、南向き、温水洗浄便座、脱衣所、エレベーター、洗面所独立、洗面化粧台、2口コンロ、駐輪場、宅配ボックス、外壁タイル張り、即入居可、防犯カメラ、照明付、分譲賃貸、グリル付、保証人不要、バイク置場、24時間緊急通報システム、玄関ホール、2沿線利用可、ディンプルキー、駅まで平坦、ダブルロックキー、24時間換気システム、平坦地、人感照明センサー、2駅利用可、駅徒歩5分以内、24時間ゴミ出し可、敷地内ごみ置き場、日勤管理、都市ガス、南面バルコニー、玄関収納、敷金・礼金不要、初期費用カード決済可
100341599402,バストイレ別、バルコニー、エアコン、ガスコンロ対応、クロゼット、フローリング、シャワー付洗面台、TVインターホン、浴室乾燥機、オートロック、室内洗濯置、陽当り良好、シューズボックス、システムキッチン、南向き、温水洗浄便座、脱衣所、エレベーター、洗面所独立、洗面化粧台、2口コンロ、駐輪場、宅配ボックス、外壁タイル張り、即入居可、防犯カメラ、照明付、分譲賃貸、グリル付、保証人不要、バイク置場、24時間緊急通報システム、玄関ホール、ディンプルキー、駅まで平坦、ダブルロックキー、24時間換気システム、平坦地、人感照明センサー、3駅以上利用可、3沿線以上利用可、駅徒歩5分以内、24時間ゴミ出し可、敷地内ごみ置き場、日勤管理、都市ガス、南面バルコニー、玄関収納、敷金・礼金不要、初期費用カード決済可
100344058269,バストイレ別、バルコニー、エアコン、ガスコンロ対応、クロゼット、フローリング、シャワー付洗面台、TVインターホン、浴室乾燥機、オートロック、室内洗濯置、シューズボックス、システムキッチン、南向き、角住戸、温水洗浄便座、脱衣所、エレベーター、洗面所独立、駐輪場、宅配ボックス、CATV、光ファイバー、外壁タイル張り、BS・CS、敷金不要、防犯カメラ、独立型キッチン、照明付、全居室収納、分譲賃貸、グリル付、保証人不要、バイク置場、防犯シャッター、全居室フローリング、デザイナーズ、玄関ホール、2沿線利用可、ディンプルキー、全室南向き、エアコン全室、ダブルロックキー、保証金不要、24時間換気システム、複層ガラス、3駅以上利用可、駅徒歩5分以内、駅徒歩10分以内、都市ガス、マルチメディアコンセント、礼金1ヶ月、全室照明付
100342404978,バストイレ別、バルコニー、エアコン、ガスコンロ対応、クロゼット、フローリング、TVインターホン、浴室乾燥機、オートロック、室内洗濯置、シューズボックス、システムキッチン、角住戸、温水洗浄便座、脱衣所、エレベーター、洗面所独立、洗面化粧台、2口コンロ、駐輪場、宅配ボックス、礼金不要、閑静な住宅地、2面採光、防犯カメラ、ペット相談、分譲賃貸、保証人不要、全居室フローリング、駅まで平坦、ネット使用料不要、眺望良好、3駅以上利用可、敷地内ごみ置き場、全居室6畳以上、都市ガス、ダウンライト、敷金・礼金不要、初期費用カード決済可、通風良好
100343381637,バストイレ別、バルコニー、エアコン、クロゼット、フローリング、シャワー付洗面台、TVインターホン、浴室乾燥機、オートロック、室内洗濯置、シューズボックス、角住戸、エレベーター、洗面所独立、洗面化粧台、宅配ボックス、CATV、光ファイバー、2面採光、敷金不要、ペット相談、IHクッキングヒーター、出窓、保証人不要、CS、駅まで平坦、平坦地、3駅以上利用可、駅徒歩5分以内、駅徒歩10分以内、敷地内ごみ置き場、東南向き、都市ガス、BS、IT重説 対応物件、初期費用カード決済可、通風良好
100343378337,バストイレ別、バルコニー、エアコン、クロゼット、フローリング、シャワー付洗面台、TVインターホン、浴室乾燥機、オートロック、室内洗濯置、シューズボックス、角住戸、エレベーター、洗面所独立、洗面化粧台、宅配ボックス、CATV、光ファイバー、2面採光、敷金不要、ペット相談、IHクッキングヒーター、出窓、保証人不要、CS、駅まで平坦、平坦地、3駅以上利用可、駅徒歩5分以内、駅徒歩10分以内、敷地内ごみ置き場、東南向き、都市ガス、BS、IT重説 対応物件、初期費用カード決済可、通風良好
100345481355,バストイレ別、バルコニー、エアコン、ガスコンロ対応、クロゼット、フローリング、TVインターホン、浴室乾燥機、オートロック、室内洗濯置、陽当り良好、シューズボックス、システムキッチン、温水洗浄便座、脱衣所、エレベーター、洗面所独立、2口コンロ、駐輪場、宅配ボックス、光ファイバー、即入居可、BS・CS、敷金不要、独立型キッチン、ペット相談、全居室収納、分譲賃貸、保証人不要、単身者相談、二人入居相談、バイク置場、全居室フローリング、玄関ホール、CS、ネット専用回線、駅まで平坦、ネット使用料不要、保証金不要、24時間換気システム、平坦地、3駅以上利用可、3沿線以上利用可、駅徒歩5分以内、24時間ゴミ出し可、敷地内ごみ置き場、南西向き、日勤管理、都市ガス、洗面所にドア、玄関収納、BS、高速ネット対応、LAN、礼金1ヶ月、IT重説 対応物件、通風良好
100345258289,バストイレ別、バルコニー、エアコン、ガスコンロ対応、クロゼット、フローリング、TVインターホン、浴室乾燥機、オートロック、室内洗濯置、シューズボックス、システムキッチン、角住戸、温水洗浄便座、脱衣所、エレベーター、洗面所独立、洗面化粧台、2口コンロ、駐輪場、宅配ボックス、外壁タイル張り、即入居可、敷金不要、防犯カメラ、ペット相談、分譲賃貸、保証人不要、二人入居相談、バイク置場、24時間緊急通報システム、2沿線利用可、ディンプルキー、駅まで平坦、ダブルロックキー、保証金不要、24時間換気システム、平坦地、人感照明センサー、3駅以上利用可、駅徒歩10分以内、24時間ゴミ出し可、敷地内ごみ置き場、日勤管理、都市ガス、玄関収納、礼金1ヶ月、初期費用カード決済可
100345257553,バストイレ別、バルコニー、エアコン、ガスコンロ対応、クロゼット、フローリング、TVインターホン、浴室乾燥機、オートロック、室内洗濯置、シューズボックス、システムキッチン、角住戸、温水洗浄便座、脱衣所、エレベーター、洗面所独立、洗面化粧台、2口コンロ、駐輪場、宅配ボックス、外壁タイル張り、即入居可、敷金不要、防犯カメラ、ペット相談、分譲賃貸、保証人不要、二人入居相談、バイク置場、24時間緊急通報システム、2沿線利用可、ディンプルキー、駅まで平坦、ダブルロックキー、保証金不要、24時間換気システム、平坦地、人感照明センサー、3駅以上利用可、駅徒歩10分以内、24時間ゴミ出し可、敷地内ごみ置き場、日勤管理、都市ガス、玄関収納、礼金1ヶ月、初期費用カード決済可
100345377043,バストイレ別、バルコニー、エアコン、クロゼット、フローリング、シャワー付洗面台、TVインターホン、浴室乾燥機、オートロック、室内洗濯置、シューズボックス、システムキッチン、温水洗浄便座、脱衣所、エレベーター、洗面所独立、2口コンロ、駐輪場、宅配ボックス、CATV、光ファイバー、外壁タイル張り、閑静な住宅地、BS・CS、敷金不要、防犯カメラ、ペット相談、分譲賃貸、保証人不要、24時間緊急通報システム、2沿線利用可、CS、ネット専用回線、駅まで平坦、ダブルロックキー、保証金不要、24時間換気システム、平坦地、人感照明センサー、2駅利用可、駅徒歩10分以内、24時間ゴミ出し可、敷地内ごみ置き場、セキュリティ会社加入済、都市ガス、洗面所にドア、玄関収納、BS、高速ネット対応、礼金1ヶ月、IT重説 対応物件、初期費用カード決済可
100345208974,バストイレ別、バルコニー、エアコン、クロゼット、フローリング、シャワー付洗面台、TVインターホン、浴室乾燥機、オートロック、室内洗濯置、シューズボックス、システムキッチン、温水洗浄便座、脱衣所、エレベーター、洗面所独立、2口コンロ、駐輪場、宅配ボックス、CATV、光ファイバー、外壁タイル張り、閑静な住宅地、BS・CS、敷金不要、防犯カメラ、ペット相談、分譲賃貸、保証人不要、24時間緊急通報システム、2沿線利用可、CS、ネット専用回線、駅まで平坦、ダブルロックキー、保証金不要、24時間換気システム、平坦地、人感照明センサー、2駅利用可、駅徒歩10分以内、24時間ゴミ出し可、敷地内ごみ置き場、セキュリティ会社加入済、都市ガス、洗面所にドア、玄関収納、BS、高速ネット対応、礼金1ヶ月、IT重説 対応物件、初期費用カード決済可
100345224070,バストイレ別、バルコニー、エアコン、ガスコンロ対応、クロゼット、フローリング、TVインターホン、浴室乾燥機、オートロック、室内洗濯置、陽当り良好、シューズボックス、システムキッチン、南向き、温水洗浄便座、脱衣所、エレベーター、洗面所独立、洗面化粧台、2口コンロ、駐輪場、宅配ボックス、防犯カメラ、照明付、分譲賃貸、グリル付、保証人不要、カードキー、全居室フローリング、CS、駅まで平坦、ネット使用料不要、眺望良好、南面リビング、人感照明センサー、3駅以上利用可、3沿線以上利用可、24時間ゴミ出し可、敷地内ごみ置き場、セキュリティ会社加入済、都市ガス、南面バルコニー、ダウンライト、BS、初期費用カード決済可、通風良好
100345332790,バストイレ別、バルコニー、エアコン、ガスコンロ対応、クロゼット、フローリング、TVインターホン、浴室乾燥機、オートロック、室内洗濯置、陽当り良好、シューズボックス、システムキッチン、追焚機能浴室、脱衣所、エレベーター、洗面所独立、洗面化粧台、2口コンロ、宅配ボックス、CATV、外壁タイル張り、閑静な住宅地、BS・CS、対面式キッチン、グリル付、保証人不要、単身者相談、敷金1ヶ月、CATVインターネット、24時間緊急通報システム、全居室フローリング、玄関ホール、2沿線利用可、保証金不要、2駅利用可、敷地内ごみ置き場、都市ガス、玄関収納、BS、高速ネット対応、礼金1ヶ月、IT重説 対応物件、通風良好
100345333038,バストイレ別、バルコニー、エアコン、ガスコンロ対応、クロゼット、フローリング、TVインターホン、浴室乾燥機、オートロック、室内洗濯置、陽当り良好、シューズボックス、システムキッチン、追焚機能浴室、脱衣所、エレベーター、洗面所独立、2口コンロ、宅配ボックス、CATV、外壁タイル張り、閑静な住宅地、BS・CS、対面式キッチン、グリル付、保証人不要、単身者相談、敷金1ヶ月、CATVインターネット、24時間緊急通報システム、全居室フローリング、玄関ホール、2沿線利用可、保証金不要、2駅利用可、敷地内ごみ置き場、都市ガス、玄関収納、BS、高速ネット対応、礼金1ヶ月、IT重説 対応物件、初期費用カード決済可、通風良好
100345337335,バストイレ別、バルコニー、エアコン、ガスコンロ対応、クロゼット、フローリング、TVインターホン、浴室乾燥機、オートロック、室内洗濯置、陽当り良好、シューズボックス、システムキッチン、追焚機能浴室、脱衣所、エレベーター、洗面所独立、2口コンロ、宅配ボックス、CATV、外壁タイル張り、閑静な住宅地、BS・CS、対面式キッチン、グリル付、保証人不要、単身者相談、敷金1ヶ月、CATVインターネット、24時間緊急通報システム、全居室フローリング、玄関ホール、2沿線利用可、保証金不要、2駅利用可、敷地内ごみ置き場、都市ガス、玄関収納、BS、高速ネット対応、礼金1ヶ月、IT重説 対応物件、初期費用カード決済可、通風良好
100345336067,バストイレ別、バルコニー、エアコン、ガスコンロ対応、クロゼット、フローリング、TVインターホン、浴室乾燥機、オートロック、室内洗濯置、陽当り良好、シューズボックス、システムキッチン、追焚機能浴室、脱衣所、エレベーター、洗面所独立、2口コンロ、宅配ボックス、CATV、外壁タイル張り、閑静な住宅地、BS・CS、対面式キッチン、グリル付、保証人不要、単身者相談、敷金1ヶ月、CATVインターネット、24時間緊急通報システム、全居室フローリング、玄関ホール、2沿線利用可、CS、保証金不要、2駅利用可、敷地内ごみ置き場、都市ガス、玄関収納、BS、高速ネット対応、礼金1ヶ月、IT重説 対応物件、初期費用カード決済可、通風良好
100345343272,バストイレ別、バルコニー、エアコン、ガスコンロ対応、クロゼット、フローリング、TVインターホン、浴室乾燥機、オートロック、室内洗濯置、シューズボックス、システムキッチン、追焚機能浴室、エレベーター、洗面所独立、洗面化粧台、2口コンロ、駐輪場、宅配ボックス、CATV、光ファイバー、外壁タイル張り、閑静な住宅地、対面式キッチン、防犯カメラ、オートバス、グリル付、保証人不要、バイク置場、緑豊かな住宅地、24時間換気システム、3駅以上利用可、3沿線以上利用可、駅徒歩10分以内、バス停徒歩3分以内、敷地内ごみ置き場、都市ガス、IT重説 対応物件、初期費用カード決済可、通風良好
100345342838,バストイレ別、バルコニー、エアコン、ガスコンロ対応、クロゼット、フローリング、TVインターホン、浴室乾燥機、オートロック、室内洗濯置、シューズボックス、システムキッチン、追焚機能浴室、エレベーター、洗面所独立、洗面化粧台、2口コンロ、駐輪場、宅配ボックス、CATV、光ファイバー、外壁タイル張り、閑静な住宅地、対面式キッチン、防犯カメラ、オートバス、グリル付、保証人不要、バイク置場、緑豊かな住宅地、24時間換気システム、3駅以上利用可、3沿線以上利用可、駅徒歩10分以内、バス停徒歩3分以内、敷地内ごみ置き場、都市ガス、IT重説 対応物件、初期費用カード決済可、通風良好
100345352835,バストイレ別、バルコニー、エアコン、クロゼット、フローリング、TVインターホン、浴室乾燥機、オートロック、室内洗濯置、シューズボックス、システムキッチン、追焚機能浴室、脱衣所、エレベーター、洗面所独立、洗面化粧台、2口コンロ、駐輪場、宅配ボックス、CATV、光ファイバー、外壁タイル張り、対面式キッチン、グリル付、保証人不要、バイク置場、ダブルロックキー、駅徒歩10分以内、BS
100332153771,バストイレ別、バルコニー、エアコン、ガスコンロ対応、クロゼット、フローリング、TVインターホン、浴室乾燥機、オートロック、室内洗濯置、シューズボックス、システムキッチン、角住戸、温水洗浄便座、エレベーター、洗面所独立、洗面化粧台、2口コンロ、宅配ボックス、防犯カメラ、ペット相談、分譲賃貸、保証人不要、2沿線利用可、CS、ネット専用回線、ネット使用料不要、2駅利用可、3駅以上利用可、3沿線以上利用可、駅徒歩5分以内、駅徒歩10分以内、敷地内ごみ置き場、南西向き、都市ガス、BS、IT重説 対応物件、初期費用カード決済可
100343669405,バストイレ別、バルコニー、エアコン、ガスコンロ対応、クロゼット、フローリング、TVインターホン、浴室乾燥機、オートロック、室内洗濯置、陽当り良好、シューズボックス、システムキッチン、角住戸、脱衣所、洗面所独立、2口コンロ、CATV、光ファイバー、礼金不要、2面採光、BS・CS、敷金不要、独立型キッチン、全居室収納、保証人不要、単身者相談、全居室フローリング、玄関ホール、CS、駅まで平坦、ネット使用料不要、保証金不要、24時間換気システム、平坦地、3駅以上利用可、3沿線以上利用可、駅徒歩5分以内、敷地内ごみ置き場、東南向き、プロパンガス、洗面所にドア、玄関収納、BS、高速ネット対応、LAN、敷金・礼金不要、IT重説 対応物件、通風良好
100341543295,バストイレ別、バルコニー、エアコン、ガスコンロ対応、クロゼット、TVインターホン、浴室乾燥機、オートロック、室内洗濯置、シューズボックス、南向き、温水洗浄便座、脱衣所、エレベーター、洗面所独立、洗面化粧台、2口コンロ、宅配ボックス、光ファイバー、外壁タイル張り、即入居可、防犯カメラ、分譲賃貸、保証人不要、始発駅、3駅以上利用可、3沿線以上利用可、駅徒歩5分以内、敷地内ごみ置き場、洗面所にドア、南面バルコニー、高速ネット対応、敷金・礼金不要、初期費用カード決済可
100333193194,バストイレ別、バルコニー、エアコン、ガスコンロ対応、クロゼット、フローリング、TVインターホン、浴室乾燥機、オートロック、室内洗濯置、シューズボックス、システムキッチン、温水洗浄便座、エレベーター、洗面所独立、洗面化粧台、2口コンロ、宅配ボックス、最上階、防犯カメラ、ペット相談、分譲賃貸、保証人不要、2沿線利用可、CS、ネット専用回線、ネット使用料不要、2駅利用可、3駅以上利用可、3沿線以上利用可、駅徒歩5分以内、駅徒歩10分以内、敷地内ごみ置き場、南西向き、都市ガス、BS、IT重説 対応物件、初期費用カード決済可
100340636757,バストイレ別、バルコニー、エアコン、クロゼット、フローリング、TVインターホン、浴室乾燥機、オートロック、室内洗濯置、陽当り良好、シューズボックス、システムキッチン、南向き、温水洗浄便座、脱衣所、エレベーター、洗面所独立、洗面化粧台、2口コンロ、駐輪場、宅配ボックス、光ファイバー、外壁タイル張り、BS・CS、敷金不要、防犯カメラ、照明付、全居室収納、分譲賃貸、保証人不要、24時間緊急通報システム、ガスレンジ付、2沿線利用可、ディンプルキー、CS、ネット専用回線、駅まで平坦、眺望良好、エアコン全室、ダブルロックキー、24時間換気システム、平坦地、南面リビング、2駅利用可、3駅以上利用可、3沿線以上利用可、駅徒歩5分以内、駅徒歩10分以内、24時間ゴミ出し可、敷地内ごみ置き場、都市ガス、南面バルコニー、室内物干機、玄関収納、BS、高速ネット対応、初期費用カード決済可、家賃カード決済可
100335372206,バストイレ別、バルコニー、エアコン、ガスコンロ対応、クロゼット、フローリング、TVインターホン、浴室乾燥機、オートロック、室内洗濯置、シューズボックス、システムキッチン、角住戸、温水洗浄便座、脱衣所、エレベーター、洗面所独立、洗面化粧台、2口コンロ、宅配ボックス、即入居可、防犯カメラ、ペット相談、分譲賃貸、保証人不要、2沿線利用可、CS、ネット専用回線、ネット使用料不要、2駅利用可、3駅以上利用可、3沿線以上利用可、24時間ゴミ出し可、敷地内ごみ置き場、都市ガス、BS、IT重説 対応物件
100334831935,バストイレ別、バルコニー、エアコン、ガスコンロ対応、クロゼット、フローリング、シャワー付洗面台、TVインターホン、浴室乾燥機、オートロック、室内洗濯置、シューズボックス、システムキッチン、角住戸、温水洗浄便座、脱衣所、エレベーター、洗面所独立、洗面化粧台、2口コンロ、駐輪場、宅配ボックス、外壁タイル張り、即入居可、2面採光、BS・CS、防犯カメラ、ペット相談、照明付、分譲賃貸、保証人不要、二人入居相談、バイク置場、カードキー、デザイナーズ、ネット専用回線、駅まで平坦、ネット使用料不要、24時間換気システム、平坦地、ルームシェア相談、人感照明センサー、耐火構造、耐震構造、3駅以上利用可、3沿線以上利用可、駅前、駅徒歩5分以内、24時間ゴミ出し可、風除室、敷地内ごみ置き場、セキュリティ会社加入済、耐震ラッチ吊戸棚、都市ガス、ダウンライト、高速ネット対応、LAN、マルチメディアコンセント、敷金・礼金不要、IT重説 対応物件
100334862908,バストイレ別、バルコニー、エアコン、ガスコンロ対応、クロゼット、フローリング、シャワー付洗面台、TVインターホン、浴室乾燥機、オートロック、室内洗濯置、シューズボックス、システムキッチン、角住戸、温水洗浄便座、脱衣所、エレベーター、洗面所独立、洗面化粧台、2口コンロ、駐輪場、宅配ボックス、光ファイバー、外壁タイル張り、2面採光、BS・CS、敷金不要、防犯カメラ、ペット相談、照明付、出窓、全居室収納、分譲賃貸、保証人不要、24時間緊急通報システム、全居室フローリング、ガスレンジ付、2沿線利用可、CS、ネット専用回線、駅まで平坦、ネット使用料不要、エアコン全室、24時間換気システム、平坦地、2駅利用可、3駅以上利用可、3沿線以上利用可、駅前、駅徒歩5分以内、駅徒歩10分以内、24時間ゴミ出し可、敷地内ごみ置き場、都市ガス、室内物干機、玄関収納、BS、高速ネット対応、初期費用カード決済可、通風良好
100335057256,バストイレ別、バルコニー、エアコン、ガスコンロ対応、クロゼット、フローリング、TVインターホン、浴室乾燥機、オートロック、室内洗濯置、シューズボックス、システムキッチン、角住戸、温水洗浄便座、脱衣所、エレベーター、洗面所独立、2口コンロ、駐輪場、宅配ボックス、光ファイバー、即入居可、礼金不要、2面採光、BS・CS、敷金不要、独立型キッチン、ペット相談、全居室収納、分譲賃貸、保証人不要、単身者相談、二人入居相談、バイク置場、全居室フローリング、玄関ホール、CS、ネット専用回線、駅まで平坦、ネット使用料不要、保証金不要、24時間換気システム、平坦地、3駅以上利用可、3沿線以上利用可、駅徒歩5分以内、24時間ゴミ出し可、敷地内ごみ置き場、日勤管理、都市ガス、洗面所にドア、玄関収納、BS、高速ネット対応、LAN、敷金・礼金不要、IT重説 対応物件、初期費用カード決済可、通風良好
100336866760,バストイレ別、バルコニー、エアコン、ガスコンロ対応、クロゼット、フローリング、TVインターホン、浴室乾燥機、オートロック、室内洗濯置、シューズボックス、システムキッチン、温水洗浄便座、エレベーター、洗面所独立、2口コンロ、駐輪場、宅配ボックス、光ファイバー、即入居可、礼金不要、最上階、BS・CS、敷金不要、ペット相談、分譲賃貸、単身者相談、二人入居相談、バイク置場、玄関ホール、2沿線利用可、CS、ネット専用回線、駅まで平坦、ネット使用料不要、保証金不要、駅前、24時間ゴミ出し可、敷地内ごみ置き場、南西向き、都市ガス、BS、高速ネット対応、敷金・礼金不要、IT重説 対応物件
100334900526,バストイレ別、バルコニー、エアコン、ガスコンロ対応、フローリング、TVインターホン、浴室乾燥機、オートロック、室内洗濯置、陽当り良好、シューズボックス、システムキッチン、角住戸、温水洗浄便座、エレベーター、洗面所独立、2口コンロ、駐輪場、宅配ボックス、閑静な住宅地、防犯カメラ、ペット相談、分譲賃貸、バイク置場、CS、眺望良好、24時間換気システム、24時間ゴミ出し可、都市ガス、BS
100335055407,バストイレ別、バルコニー、エアコン、ガスコンロ対応、フローリング、TVインターホン、浴室乾燥機、オートロック、室内洗濯置、陽当り良好、シューズボックス、システムキッチン、角住戸、温水洗浄便座、エレベーター、洗面所独立、2口コンロ、駐輪場、宅配ボックス、閑静な住宅地、防犯カメラ、ペット相談、分譲賃貸、バイク置場、CS、眺望良好、24時間換気システム、24時間ゴミ出し可、都市ガス、BS
100343712955,バストイレ別、バルコニー、エアコン、ガスコンロ対応、クロゼット、フローリング、TVインターホン、浴室乾燥機、オートロック、室内洗濯置、陽当り良好、シューズボックス、システムキッチン、角住戸、脱衣所、洗面所独立、2口コンロ、CATV、光ファイバー、礼金不要、2面採光、BS・CS、敷金不要、独立型キッチン、全居室収納、保証人不要、単身者相談、全居室フローリング、玄関ホール、CS、駅まで平坦、ネット使用料不要、保証金不要、24時間換気システム、平坦地、3駅以上利用可、3沿線以上利用可、駅徒歩5分以内、敷地内ごみ置き場、東南向き、プロパンガス、洗面所にドア、玄関収納、BS、高速ネット対応、LAN、敷金・礼金不要、IT重説 対応物件、通風良好
100342891991,バストイレ別、バルコニー、エアコン、ガスコンロ対応、クロゼット、フローリング、TVインターホン、浴室乾燥機、オートロック、室内洗濯置、陽当り良好、シューズボックス、システムキッチン、角住戸、脱衣所、洗面所独立、2口コンロ、CATV、光ファイバー、即入居可、礼金不要、2面採光、BS・CS、敷金不要、独立型キッチン、全居室収納、保証人不要、単身者相談、全居室フローリング、玄関ホール、CS、駅まで平坦、ネット使用料不要、保証金不要、24時間換気システム、平坦地、3駅以上利用可、3沿線以上利用可、駅徒歩5分以内、敷地内ごみ置き場、東南向き、プロパンガス、洗面所にドア、玄関収納、BS、高速ネット対応、LAN、敷金・礼金不要、IT重説 対応物件、通風良好
100339758344,バストイレ別、バルコニー、エアコン、ガスコンロ対応、クロゼット、フローリング、シャワー付洗面台、TVインターホン、浴室乾燥機、オートロック、室内洗濯置、陽当り良好、シューズボックス、システムキッチン、南向き、温水洗浄便座、脱衣所、エレベーター、洗面所独立、洗面化粧台、2口コンロ、駐輪場、宅配ボックス、光ファイバー、外壁タイル張り、BS・CS、防犯カメラ、照明付、全居室収納、分譲賃貸、グリル付、保証人不要、全居室フローリング、デザイナーズ、駅まで平坦、全室南向き、エアコン全室、24時間換気システム、平坦地、3駅以上利用可、3沿線以上利用可、駅徒歩5分以内、24時間ゴミ出し可、敷地内ごみ置き場、都市ガス、南面バルコニー、玄関収納、高速ネット対応、LAN、敷金・礼金不要、初期費用カード決済可、通風良好
100337207742,バストイレ別、バルコニー、エアコン、クロゼット、フローリング、シャワー付洗面台、TVインターホン、浴室乾燥機、オートロック、室内洗濯置、シューズボックス、システムキッチン、追焚機能浴室、角住戸、温水洗浄便座、エレベーター、洗面所独立、2口コンロ、駐輪場、宅配ボックス、即入居可、礼金不要、最上階、敷金不要、防犯カメラ、ペット相談、分譲賃貸、オートバス、二人入居相談、バイク置場、全居室フローリング、2沿線利用可、CS、ネット使用料不要、24時間換気システム、駅徒歩5分以内、上階無し、24時間ゴミ出し可、敷地内ごみ置き場、南西向き、都市ガス、洗面所にドア、BS、敷金・礼金不要
100342569490,バストイレ別、バルコニー、エアコン、ガスコンロ対応、クロゼット、フローリング、TVインターホン、浴室乾燥機、オートロック、室内洗濯置、シューズボックス、システムキッチン、角住戸、温水洗浄便座、エレベーター、洗面所独立、駐輪場、宅配ボックス、2面採光、BS・CS、敷金不要、防犯カメラ、ペット相談、照明付、分譲賃貸、オートバス、保証人不要、二人入居相談、バイク置場、ネット使用料不要、保証金不要、3駅以上利用可、3沿線以上利用可、駅徒歩5分以内、24時間ゴミ出し可、敷地内ごみ置き場、都市ガス、礼金1ヶ月
100344642691,バストイレ別、バルコニー、エアコン、ガスコンロ対応、クロゼット、フローリング、TVインターホン、浴室乾燥機、オートロック、室内洗濯置、陽当り良好、シューズボックス、システムキッチン、角住戸、温水洗浄便座、脱衣所、エレベーター、洗面所独立、2口コンロ、駐輪場、宅配ボックス、光ファイバー、外壁タイル張り、即入居可、2面採光、防犯カメラ、ペット相談、照明付、分譲賃貸、オートバス、保証人不要、二人入居相談、バイク置場、2沿線利用可、CS、駅まで平坦、ネット使用料不要、平坦地、2駅利用可、3駅以上利用可、駅徒歩5分以内、駅徒歩10分以内、24時間ゴミ出し可、敷地内ごみ置き場、都市ガス、洗面所にドア、BS、敷金・礼金不要、保証会社利用可、初期費用カード決済可、通風良好
